# Blender v3.1.2 OBJ File: 'aniki.blend'
# www.blender.org
mtllib aniki.mtl
o カード1_円柱.001
v -2.316969 5.954499 -4.873993
v -2.313411 5.831473 -4.997545
v -2.315190 5.938017 -4.935769
v -2.313888 5.892986 -4.980992
v 3.712701 5.954499 -4.113335
v 3.740306 5.831473 -4.233852
v 3.726503 5.938017 -4.173594
v 3.736607 5.892986 -4.217706
v 3.875344 5.954499 -4.058565
v 3.926089 5.831473 -4.171291
v 3.900717 5.938017 -4.114928
v 3.919291 5.892986 -4.156188
v 4.024336 5.954499 -3.973027
v 4.096098 5.831473 -4.073687
v 4.060217 5.938017 -4.023357
v 4.086483 5.892986 -4.060201
v 4.153777 5.954499 -3.860066
v 4.243798 5.831473 -3.944791
v 4.198788 5.938017 -3.902429
v 4.231738 5.892986 -3.933441
v 4.258692 5.954499 -3.724022
v 4.363513 5.831473 -3.789558
v 4.311103 5.938017 -3.756790
v 4.349471 5.892986 -3.780777
v 4.335053 5.954499 -3.570124
v 4.450644 5.831473 -3.613951
v 4.392848 5.938017 -3.592037
v 4.435158 5.892986 -3.608079
v 4.379921 5.954499 -3.404287
v 4.501842 5.831473 -3.424720
v 4.440882 5.938017 -3.414504
v 4.485508 5.892986 -3.421983
v 4.391588 5.954499 -3.232695
v 4.515140 5.831473 -3.229138
v 4.453364 5.938017 -3.230917
v 4.498587 5.892986 -3.229614
v 3.277804 5.954499 5.598382
v 3.398323 5.831473 5.625984
v 3.338063 5.938017 5.612183
v 3.382177 5.892986 5.622286
v 3.223036 5.954499 5.761022
v 3.335762 5.831473 5.811767
v 3.279399 5.938017 5.786395
v 3.320660 5.892986 5.804968
v 3.137498 5.954499 5.910013
v 3.238158 5.831473 5.981776
v 3.187828 5.938017 5.945895
v 3.224672 5.892986 5.972162
v 3.024536 5.954499 6.039456
v 3.109263 5.831473 6.129476
v 3.066899 5.938017 6.084466
v 3.097911 5.892986 6.117415
v 2.888493 5.954499 6.144372
v 2.954028 5.831473 6.249192
v 2.921260 5.938017 6.196782
v 2.945248 5.892986 6.235148
v 2.734596 5.954499 6.220732
v 2.778423 5.831473 6.336323
v 2.756510 5.938017 6.278527
v 2.772551 5.892986 6.320837
v 2.568756 5.954499 6.265600
v 2.589192 5.831473 6.387520
v 2.578974 5.938017 6.326560
v 2.586454 5.892986 6.371186
v 2.397168 5.954499 6.277266
v 2.393609 5.831473 6.400818
v 2.395389 5.938017 6.339042
v 2.394086 5.892986 6.384265
v -3.632503 5.954499 5.516606
v -3.660107 5.831473 5.637125
v -3.646306 5.938017 5.576866
v -3.656410 5.892986 5.620979
v -3.795146 5.954499 5.461838
v -3.845891 5.831473 5.574564
v -3.820519 5.938017 5.518201
v -3.839092 5.892986 5.559462
v -3.944138 5.954499 5.376299
v -4.015899 5.831473 5.476960
v -3.980019 5.938017 5.426630
v -4.006285 5.892986 5.463473
v -4.073577 5.954499 5.263339
v -4.163599 5.831473 5.348064
v -4.118588 5.938017 5.305701
v -4.151539 5.892986 5.336713
v -4.178495 5.954499 5.127293
v -4.283315 5.831473 5.192830
v -4.230906 5.938017 5.160062
v -4.269272 5.892986 5.184050
v -4.254855 5.954499 4.973397
v -4.370447 5.831473 5.017224
v -4.312651 5.938017 4.995311
v -4.354960 5.892986 5.011353
v -4.299724 5.954499 4.807560
v -4.421644 5.831473 4.827993
v -4.360683 5.938017 4.817777
v -4.405310 5.892986 4.825256
v -4.311389 5.954499 4.635968
v -4.434941 5.831473 4.632411
v -4.373165 5.938017 4.634189
v -4.418388 5.892986 4.632887
v -3.197606 5.954499 -4.195111
v -3.318126 5.831473 -4.222711
v -3.257866 5.938017 -4.208911
v -3.301979 5.892986 -4.219014
v -3.142838 5.954499 -4.357749
v -3.255564 5.831473 -4.408494
v -3.199201 5.938017 -4.383121
v -3.240462 5.892986 -4.401696
v -3.057300 5.954499 -4.506742
v -3.157960 5.831473 -4.578503
v -3.107630 5.938017 -4.542622
v -3.144475 5.892986 -4.568889
v -2.944339 5.954499 -4.636182
v -3.029064 5.831473 -4.726203
v -2.986701 5.938017 -4.681193
v -3.017713 5.892986 -4.714142
v -2.808295 5.954499 -4.741099
v -2.873831 5.831473 -4.845919
v -2.841063 5.938017 -4.793509
v -2.865050 5.892986 -4.831876
v -2.654397 5.954499 -4.817458
v -2.698224 5.831473 -4.933050
v -2.676311 5.938017 -4.875255
v -2.692352 5.892986 -4.917564
v -2.488560 5.954499 -4.862328
v -2.508993 5.831473 -4.984248
v -2.498777 5.938017 -4.923288
v -2.506256 5.892986 -4.967915
v -2.315683 5.215127 -4.918687
v -2.313411 5.293649 -4.997545
v -2.314547 5.225647 -4.958117
v -2.313715 5.254388 -4.986980
v 3.740306 5.293649 -4.233852
v 3.722686 5.215127 -4.156931
v 3.737945 5.254388 -4.223548
v 3.731496 5.225647 -4.195392
v 3.926089 5.293649 -4.171291
v 3.893701 5.215127 -4.099343
v 3.921750 5.254388 -4.161652
v 3.909896 5.225647 -4.135317
v 4.096098 5.293649 -4.073687
v 4.050295 5.215127 -4.009440
v 4.089962 5.254388 -4.065080
v 4.073196 5.225647 -4.041564
v 4.243798 5.293649 -3.944791
v 4.186342 5.215127 -3.890715
v 4.236100 5.254388 -3.937546
v 4.215070 5.225647 -3.917753
v 4.363513 5.293649 -3.789558
v 4.296612 5.215127 -3.747729
v 4.354550 5.254388 -3.783953
v 4.330062 5.225647 -3.768643
v 4.450644 5.293649 -3.613951
v 4.376868 5.215127 -3.585979
v 4.440761 5.254388 -3.610204
v 4.413756 5.225647 -3.599965
v 4.501842 5.293649 -3.424720
v 4.424026 5.215127 -3.411678
v 4.491416 5.254388 -3.422973
v 4.462934 5.225647 -3.418199
v 4.515140 5.293649 -3.229138
v 4.436282 5.215127 -3.231410
v 4.504575 5.254388 -3.229442
v 4.475711 5.225647 -3.230273
v 3.398323 5.293649 5.625984
v 3.321401 5.215127 5.608367
v 3.388018 5.254388 5.623623
v 3.359863 5.225647 5.617176
v 3.335762 5.293649 5.811767
v 3.263814 5.215127 5.779379
v 3.326123 5.254388 5.807428
v 3.299788 5.225647 5.795574
v 3.238158 5.293649 5.981776
v 3.173912 5.215127 5.935973
v 3.229550 5.254388 5.975639
v 3.206035 5.225647 5.958874
v 3.109263 5.293649 6.129476
v 3.055186 5.215127 6.072019
v 3.102018 5.254388 6.121778
v 3.082225 5.225647 6.100748
v 2.954028 5.293649 6.249192
v 2.912200 5.215127 6.182290
v 2.948424 5.254388 6.240229
v 2.933114 5.225647 6.215741
v 2.778423 5.293649 6.336323
v 2.750450 5.215127 6.262547
v 2.774675 5.254388 6.326439
v 2.764436 5.225647 6.299435
v 2.589192 5.293649 6.387520
v 2.576148 5.215127 6.309704
v 2.587444 5.254388 6.377095
v 2.582670 5.225647 6.348613
v 2.393609 5.293649 6.400818
v 2.395880 5.215127 6.321960
v 2.393913 5.254388 6.390253
v 2.394745 5.225647 6.361389
v -3.660107 5.293649 5.637125
v -3.642488 5.215127 5.560204
v -3.657747 5.254388 5.626820
v -3.651298 5.225647 5.598664
v -3.845891 5.293649 5.574564
v -3.813503 5.215127 5.502615
v -3.841552 5.254388 5.564924
v -3.829697 5.225647 5.538589
v -4.015899 5.293649 5.476960
v -3.970097 5.215127 5.412713
v -4.009763 5.254388 5.468352
v -3.992998 5.225647 5.444837
v -4.163599 5.293649 5.348064
v -4.106143 5.215127 5.293986
v -4.155901 5.254388 5.340819
v -4.134871 5.225647 5.321025
v -4.283315 5.293649 5.192830
v -4.216413 5.215127 5.151002
v -4.274353 5.254388 5.187227
v -4.249864 5.225647 5.171916
v -4.370447 5.293649 5.017224
v -4.296669 5.215127 4.989252
v -4.360562 5.254388 5.013476
v -4.333558 5.225647 5.003238
v -4.421644 5.293649 4.827993
v -4.343828 5.215127 4.814950
v -4.411219 5.254388 4.826246
v -4.382737 5.225647 4.821472
v -4.434941 5.293649 4.632411
v -4.356083 5.215127 4.634681
v -4.424376 5.254388 4.632714
v -4.395513 5.225647 4.633545
v -3.318126 5.293649 -4.222711
v -3.241203 5.215127 -4.205095
v -3.307820 5.254388 -4.220351
v -3.279665 5.225647 -4.213903
v -3.255564 5.293649 -4.408494
v -3.183616 5.215127 -4.376106
v -3.245925 5.254388 -4.404155
v -3.219590 5.225647 -4.392300
v -3.157960 5.293649 -4.578503
v -3.093714 5.215127 -4.532701
v -3.149353 5.254388 -4.572367
v -3.125837 5.225647 -4.555602
v -3.029064 5.293649 -4.726203
v -2.974988 5.215127 -4.668747
v -3.021819 5.254388 -4.718505
v -3.002026 5.225647 -4.697475
v -2.873831 5.293649 -4.845919
v -2.832002 5.215127 -4.779017
v -2.868226 5.254388 -4.836956
v -2.852916 5.225647 -4.812468
v -2.698224 5.293649 -4.933050
v -2.670252 5.215127 -4.859273
v -2.694476 5.254388 -4.923166
v -2.684238 5.225647 -4.896162
v -2.508993 5.293649 -4.984248
v -2.495950 5.215127 -4.906432
v -2.507246 5.254388 -4.973823
v -2.502472 5.225647 -4.945340
vt 0.169504 0.871029
vt 0.219672 0.870690
vt 0.215829 0.301526
vt 0.165661 0.301864
vt 0.165426 0.267068
vt 0.215594 0.266730
vt 0.215492 0.251557
vt 0.165324 0.251895
vt 0.162877 0.777975
vt 0.128883 0.778204
vt 0.128824 0.769416
vt 0.162818 0.769186
vt 0.128754 0.759092
vt 0.162748 0.758863
vt 0.128677 0.747630
vt 0.162671 0.747401
vt 0.128595 0.735470
vt 0.162589 0.735241
vt 0.124786 0.171332
vt 0.158780 0.171103
vt 0.124704 0.159187
vt 0.158698 0.158958
vt 0.124626 0.147754
vt 0.158621 0.147525
vt 0.124557 0.137473
vt 0.158551 0.137243
vt 0.066674 0.239023
vt 0.116843 0.238684
vt 0.116930 0.251654
vt 0.066762 0.251993
vt 0.117033 0.266890
vt 0.066865 0.267229
vt 0.117147 0.283805
vt 0.066979 0.284144
vt 0.117268 0.301751
vt 0.067100 0.302090
vt 0.121111 0.870915
vt 0.070943 0.871254
vt 0.121232 0.888839
vt 0.071064 0.889178
vt 0.121346 0.905712
vt 0.071178 0.906050
vt 0.121449 0.920884
vt 0.071281 0.921223
vt 0.140282 0.956645
vt 0.140472 0.984911
vt 0.147780 0.984862
vt 0.147589 0.956596
vt 0.156364 0.984804
vt 0.156173 0.956538
vt 0.165895 0.984739
vt 0.165704 0.956473
vt 0.176006 0.984671
vt 0.175815 0.956405
vt 0.645086 0.981504
vt 0.644895 0.953238
vt 0.655185 0.981436
vt 0.654994 0.953170
vt 0.664691 0.981371
vt 0.664500 0.953105
vt 0.673240 0.981314
vt 0.673049 0.953048
vt 0.169930 0.934095
vt 0.220098 0.933757
vt 0.220011 0.920787
vt 0.169842 0.921126
vt 0.219908 0.905551
vt 0.169740 0.905890
vt 0.219793 0.888636
vt 0.169625 0.888974
vt 0.215708 0.283602
vt 0.165540 0.283941
vt 0.225409 0.870503
vt 0.221568 0.301641
vt 0.229607 0.870067
vt 0.225772 0.302033
vt 0.862924 0.390341
vt 0.862972 0.869527
vt 0.858131 0.869058
vt 0.858084 0.390825
vt 0.221449 0.284016
vt 0.863463 0.375118
vt 0.866468 0.389986
vt 0.860059 0.376162
vt 0.855409 0.377588
vt 0.221337 0.267423
vt 0.857614 0.361120
vt 0.854479 0.362808
vt 0.850197 0.365114
vt 0.221237 0.252502
vt 0.849147 0.348533
vt 0.846402 0.350800
vt 0.842652 0.353897
vt 0.124990 0.777423
vt 0.124931 0.768781
vt 0.838387 0.337839
vt 0.836137 0.340598
vt 0.833063 0.344367
vt 0.124863 0.758628
vt 0.825748 0.329449
vt 0.824079 0.332595
vt 0.821799 0.336891
vt 0.124787 0.747356
vt 0.811714 0.323687
vt 0.810691 0.327097
vt 0.809294 0.331756
vt 0.124706 0.735395
vt 0.796824 0.320773
vt 0.796481 0.324316
vt 0.796012 0.329157
vt 0.120898 0.171463
vt 0.121858 0.735139
vt 0.118054 0.171767
vt 0.095109 0.324364
vt 0.095593 0.329204
vt 0.120818 0.159520
vt 0.079887 0.323825
vt 0.094754 0.320820
vt 0.080931 0.327229
vt 0.082357 0.331879
vt 0.120742 0.148277
vt 0.065889 0.329674
vt 0.067577 0.332809
vt 0.069883 0.337091
vt 0.120674 0.138166
vt 0.053301 0.338141
vt 0.055569 0.340886
vt 0.058666 0.344637
vt 0.122589 0.239837
vt 0.122675 0.252592
vt 0.042607 0.348901
vt 0.045367 0.351151
vt 0.049136 0.354225
vt 0.122776 0.267575
vt 0.034218 0.361540
vt 0.037363 0.363209
vt 0.041660 0.365489
vt 0.122888 0.284211
vt 0.028456 0.375574
vt 0.031866 0.376597
vt 0.036525 0.377995
vt 0.123007 0.301861
vt 0.025541 0.390464
vt 0.029085 0.390807
vt 0.033925 0.391276
vt 0.126848 0.870723
vt 0.025589 0.870348
vt 0.029132 0.869993
vt 0.033973 0.869509
vt 0.126967 0.888347
vt 0.028594 0.885216
vt 0.031998 0.884172
vt 0.036648 0.882745
vt 0.127079 0.904940
vt 0.034442 0.899213
vt 0.037577 0.897525
vt 0.041860 0.895219
vt 0.127180 0.919862
vt 0.042909 0.911801
vt 0.045655 0.909534
vt 0.049405 0.906437
vt 0.141165 0.988139
vt 0.148352 0.988091
vt 0.053669 0.922495
vt 0.055920 0.919736
vt 0.058994 0.915967
vt 0.156794 0.988034
vt 0.066309 0.930884
vt 0.067978 0.927739
vt 0.070257 0.923443
vt 0.166167 0.987971
vt 0.080342 0.936647
vt 0.081365 0.933236
vt 0.082763 0.928578
vt 0.176112 0.987903
vt 0.095232 0.939561
vt 0.095576 0.936018
vt 0.096045 0.931177
vt 0.645021 0.984737
vt 0.176357 0.990268
vt 0.644800 0.987106
vt 0.796948 0.935970
vt 0.796463 0.931130
vt 0.654951 0.984670
vt 0.812170 0.936508
vt 0.797302 0.939513
vt 0.811126 0.933104
vt 0.809700 0.928454
vt 0.664300 0.984607
vt 0.826168 0.930660
vt 0.824480 0.927525
vt 0.822174 0.923242
vt 0.672707 0.984550
vt 0.838755 0.922193
vt 0.836488 0.919448
vt 0.833391 0.915697
vt 0.225828 0.932527
vt 0.225742 0.919772
vt 0.849449 0.911433
vt 0.846690 0.909183
vt 0.842921 0.906109
vt 0.225641 0.904788
vt 0.857839 0.898793
vt 0.854693 0.897125
vt 0.850397 0.894845
vt 0.225528 0.888153
vt 0.863601 0.884760
vt 0.860191 0.883737
vt 0.855532 0.882339
vt 0.866515 0.869870
vt 0.162000 0.301987
vt 0.165841 0.870959
vt 0.866984 0.869916
vt 0.866937 0.389939
vt 0.864675 0.390165
vt 0.864723 0.869696
vt 0.861586 0.390475
vt 0.861633 0.869397
vt 0.161880 0.284255
vt 0.863913 0.374980
vt 0.861741 0.375646
vt 0.858773 0.376556
vt 0.161767 0.267561
vt 0.858029 0.360897
vt 0.856028 0.361974
vt 0.853295 0.363446
vt 0.161666 0.252548
vt 0.849511 0.348232
vt 0.847759 0.349680
vt 0.845365 0.351656
vt 0.165297 0.768747
vt 0.165355 0.777443
vt 0.838685 0.337473
vt 0.837249 0.339234
vt 0.835287 0.341640
vt 0.165228 0.758533
vt 0.825969 0.329033
vt 0.824903 0.331040
vt 0.823449 0.333783
vt 0.165151 0.747192
vt 0.811850 0.323236
vt 0.811197 0.325412
vt 0.810305 0.328386
vt 0.165070 0.735160
vt 0.796870 0.320304
vt 0.796651 0.322565
vt 0.796351 0.325655
vt 0.161262 0.171153
vt 0.094707 0.320351
vt 0.094934 0.322613
vt 0.095243 0.325702
vt 0.161181 0.159137
vt 0.079748 0.323375
vt 0.080415 0.325547
vt 0.081325 0.328515
vt 0.161104 0.147825
vt 0.065665 0.329259
vt 0.066743 0.331260
vt 0.068215 0.333993
vt 0.161036 0.137652
vt 0.053001 0.337777
vt 0.054448 0.339530
vt 0.056425 0.341923
vt 0.063104 0.252641
vt 0.063017 0.239808
vt 0.042242 0.348603
vt 0.044003 0.350039
vt 0.046409 0.352001
vt 0.063206 0.267715
vt 0.033801 0.361319
vt 0.035809 0.362385
vt 0.038551 0.363840
vt 0.063319 0.284452
vt 0.028004 0.375438
vt 0.030181 0.376091
vt 0.033154 0.376983
vt 0.063439 0.302209
vt 0.025072 0.390418
vt 0.027334 0.390637
vt 0.030423 0.390937
vt 0.067280 0.871181
vt 0.064598 0.870930
vt 0.060759 0.302487
vt 0.027381 0.870168
vt 0.030471 0.869859
vt 0.067400 0.888913
vt 0.025120 0.870395
vt 0.028143 0.885354
vt 0.030316 0.884688
vt 0.033284 0.883777
vt 0.067513 0.905607
vt 0.034027 0.899437
vt 0.036028 0.898359
vt 0.038762 0.896888
vt 0.067614 0.920620
vt 0.042546 0.912101
vt 0.044298 0.910654
vt 0.046692 0.908677
vt 0.147926 0.954530
vt 0.140696 0.954579
vt 0.053371 0.922861
vt 0.054808 0.921099
vt 0.056770 0.918694
vt 0.156420 0.954472
vt 0.066088 0.931301
vt 0.067153 0.929293
vt 0.068608 0.926551
vt 0.165850 0.954409
vt 0.080207 0.937098
vt 0.080860 0.934922
vt 0.081752 0.931948
vt 0.175855 0.954341
vt 0.095187 0.940030
vt 0.095406 0.937768
vt 0.095705 0.934679
vt 0.644826 0.951175
vt 0.797349 0.939983
vt 0.797123 0.937721
vt 0.796814 0.934632
vt 0.654817 0.951107
vt 0.812308 0.936959
vt 0.811642 0.934787
vt 0.810732 0.931819
vt 0.664223 0.951044
vt 0.826391 0.931075
vt 0.825314 0.929074
vt 0.823842 0.926341
vt 0.672681 0.950987
vt 0.839056 0.922556
vt 0.837609 0.920804
vt 0.835632 0.918411
vt 0.166176 0.920527
vt 0.166263 0.933360
vt 0.849815 0.911731
vt 0.848054 0.910295
vt 0.845648 0.908333
vt 0.166074 0.905453
vt 0.858255 0.899014
vt 0.856248 0.897949
vt 0.853505 0.896494
vt 0.165961 0.888716
vt 0.864053 0.884895
vt 0.861876 0.884242
vt 0.858903 0.883350
vn 0.1252 0.0000 -0.9921
vn 0.6575 0.0000 -0.7534
vn 0.7919 0.0000 -0.6107
vn 0.8958 0.0000 -0.4445
vn 0.9653 0.0000 -0.2612
vn 0.9977 0.0000 -0.0678
vn 0.9921 0.0000 0.1251
vn 0.9477 0.0000 0.3191
vn 0.8672 0.0000 0.4979
vn 0.7534 0.0000 0.6575
vn 0.6107 0.0000 0.7919
vn 0.4445 0.0000 0.8958
vn 0.2612 0.0000 0.9653
vn 0.0678 0.0000 0.9977
vn -0.1252 0.0000 0.9921
vn -0.3191 0.0000 0.9477
vn -0.4979 0.0000 0.8672
vn -0.6575 0.0000 0.7534
vn -0.7919 0.0000 0.6107
vn -0.8958 0.0000 0.4445
vn -0.9653 0.0000 0.2612
vn -0.9977 0.0000 0.0678
vn -0.9921 0.0000 -0.1251
vn -0.9477 0.0000 -0.3191
vn -0.8672 0.0000 -0.4979
vn -0.7534 0.0000 -0.6575
vn -0.6107 0.0000 -0.7919
vn -0.4445 0.0000 -0.8958
vn -0.2612 0.0000 -0.9653
vn 0.3191 0.0000 -0.9477
vn 0.4979 0.0000 -0.8672
vn -0.0678 0.0000 -0.9977
vn 0.1209 0.2588 -0.9583
vn 0.0885 0.7071 -0.7016
vn 0.0324 0.9659 -0.2568
vn 0.3083 0.2588 -0.9154
vn 0.2257 0.7071 -0.6701
vn 0.0826 0.9659 -0.2453
vn 0.4809 0.2588 -0.8377
vn 0.3521 0.7071 -0.6132
vn 0.1289 0.9659 -0.2245
vn 0.6351 0.2588 -0.7278
vn 0.4649 0.7071 -0.5328
vn 0.1702 0.9659 -0.1950
vn 0.7649 0.2588 -0.5899
vn 0.5599 0.7071 -0.4318
vn 0.2050 0.9659 -0.1581
vn 0.8653 0.2588 -0.4293
vn 0.6334 0.7071 -0.3143
vn 0.2318 0.9659 -0.1150
vn 0.9324 0.2588 -0.2523
vn 0.6826 0.7071 -0.1847
vn 0.2498 0.9659 -0.0676
vn 0.9637 0.2588 -0.0655
vn 0.7055 0.7071 -0.0480
vn 0.2582 0.9659 -0.0176
vn 0.9583 0.2588 0.1209
vn 0.7016 0.7071 0.0885
vn 0.2568 0.9659 0.0324
vn 0.9154 0.2588 0.3083
vn 0.6701 0.7071 0.2257
vn 0.2453 0.9659 0.0826
vn 0.8377 0.2588 0.4809
vn 0.6132 0.7071 0.3521
vn 0.2245 0.9659 0.1289
vn 0.7278 0.2588 0.6351
vn 0.5328 0.7071 0.4649
vn 0.1950 0.9659 0.1702
vn 0.5899 0.2588 0.7649
vn 0.4318 0.7071 0.5599
vn 0.1581 0.9659 0.2050
vn 0.4293 0.2588 0.8653
vn 0.3143 0.7071 0.6334
vn 0.1150 0.9659 0.2318
vn 0.2523 0.2588 0.9324
vn 0.1847 0.7071 0.6826
vn 0.0676 0.9659 0.2498
vn 0.0655 0.2588 0.9637
vn 0.0480 0.7071 0.7055
vn 0.0176 0.9659 0.2582
vn -0.1209 0.2588 0.9583
vn -0.0885 0.7071 0.7015
vn -0.0324 0.9659 0.2568
vn -0.3083 0.2588 0.9154
vn -0.2257 0.7071 0.6701
vn -0.0826 0.9659 0.2453
vn -0.4809 0.2588 0.8377
vn -0.3521 0.7071 0.6132
vn -0.1289 0.9659 0.2245
vn -0.6351 0.2588 0.7278
vn -0.4649 0.7071 0.5328
vn -0.1702 0.9659 0.1950
vn -0.7649 0.2588 0.5899
vn -0.5599 0.7071 0.4318
vn -0.2049 0.9659 0.1581
vn -0.8653 0.2588 0.4293
vn -0.6334 0.7071 0.3143
vn -0.2318 0.9659 0.1150
vn -0.9324 0.2588 0.2523
vn -0.6826 0.7071 0.1847
vn -0.2498 0.9659 0.0676
vn -0.9637 0.2588 0.0655
vn -0.7055 0.7071 0.0480
vn -0.2582 0.9659 0.0176
vn -0.9583 0.2588 -0.1209
vn -0.7015 0.7071 -0.0885
vn -0.2568 0.9659 -0.0324
vn -0.9154 0.2588 -0.3083
vn -0.6701 0.7071 -0.2257
vn -0.2453 0.9659 -0.0826
vn -0.8377 0.2588 -0.4809
vn -0.6132 0.7071 -0.3521
vn -0.2245 0.9659 -0.1289
vn -0.7278 0.2588 -0.6351
vn -0.5328 0.7071 -0.4649
vn -0.1950 0.9659 -0.1702
vn -0.5899 0.2588 -0.7649
vn -0.4318 0.7071 -0.5599
vn -0.1581 0.9659 -0.2049
vn -0.4293 0.2588 -0.8653
vn -0.3143 0.7071 -0.6334
vn -0.1150 0.9659 -0.2318
vn -0.2523 0.2588 -0.9324
vn -0.1847 0.7071 -0.6826
vn -0.0676 0.9659 -0.2498
vn -0.0655 0.2588 -0.9637
vn -0.0480 0.7071 -0.7055
vn -0.0176 0.9659 -0.2582
vn 0.0000 1.0000 -0.0000
vn 0.1209 -0.2588 -0.9583
vn 0.0885 -0.7071 -0.7015
vn 0.0324 -0.9659 -0.2568
vn 0.3083 -0.2588 -0.9154
vn 0.2257 -0.7071 -0.6701
vn 0.0826 -0.9659 -0.2453
vn 0.4809 -0.2588 -0.8377
vn 0.3521 -0.7071 -0.6132
vn 0.1289 -0.9659 -0.2245
vn 0.6351 -0.2588 -0.7278
vn 0.4649 -0.7071 -0.5328
vn 0.1702 -0.9659 -0.1950
vn 0.7649 -0.2588 -0.5899
vn 0.5599 -0.7071 -0.4318
vn 0.2050 -0.9659 -0.1581
vn 0.8653 -0.2588 -0.4293
vn 0.6334 -0.7071 -0.3143
vn 0.2318 -0.9659 -0.1150
vn 0.9324 -0.2588 -0.2523
vn 0.6826 -0.7071 -0.1847
vn 0.2498 -0.9659 -0.0676
vn 0.9637 -0.2588 -0.0655
vn 0.7055 -0.7071 -0.0480
vn 0.2582 -0.9659 -0.0176
vn 0.9583 -0.2588 0.1209
vn 0.7015 -0.7071 0.0885
vn 0.2568 -0.9659 0.0324
vn 0.9154 -0.2588 0.3083
vn 0.6701 -0.7071 0.2257
vn 0.2453 -0.9659 0.0826
vn 0.8377 -0.2588 0.4809
vn 0.6132 -0.7071 0.3521
vn 0.2245 -0.9659 0.1289
vn 0.7278 -0.2588 0.6351
vn 0.5328 -0.7071 0.4649
vn 0.1950 -0.9659 0.1702
vn 0.5899 -0.2588 0.7649
vn 0.4318 -0.7071 0.5599
vn 0.1581 -0.9659 0.2050
vn 0.4293 -0.2588 0.8653
vn 0.3143 -0.7071 0.6334
vn 0.1150 -0.9659 0.2318
vn 0.2523 -0.2588 0.9324
vn 0.1847 -0.7071 0.6826
vn 0.0676 -0.9659 0.2498
vn 0.0655 -0.2588 0.9637
vn 0.0480 -0.7071 0.7055
vn 0.0176 -0.9659 0.2582
vn -0.1209 -0.2588 0.9583
vn -0.0885 -0.7071 0.7015
vn -0.0324 -0.9659 0.2568
vn -0.3083 -0.2588 0.9154
vn -0.2257 -0.7071 0.6701
vn -0.0826 -0.9659 0.2453
vn -0.4809 -0.2588 0.8377
vn -0.3521 -0.7071 0.6132
vn -0.1289 -0.9659 0.2245
vn -0.6351 -0.2588 0.7278
vn -0.4649 -0.7071 0.5328
vn -0.1702 -0.9659 0.1950
vn -0.7649 -0.2588 0.5899
vn -0.5599 -0.7071 0.4318
vn -0.2049 -0.9659 0.1581
vn -0.8653 -0.2588 0.4293
vn -0.6334 -0.7071 0.3143
vn -0.2318 -0.9659 0.1150
vn -0.9324 -0.2588 0.2523
vn -0.6826 -0.7071 0.1847
vn -0.2498 -0.9659 0.0676
vn -0.9637 -0.2588 0.0655
vn -0.7055 -0.7071 0.0480
vn -0.2582 -0.9659 0.0176
vn -0.9583 -0.2588 -0.1209
vn -0.7015 -0.7071 -0.0885
vn -0.2568 -0.9659 -0.0324
vn -0.9154 -0.2588 -0.3083
vn -0.6701 -0.7071 -0.2257
vn -0.2453 -0.9659 -0.0826
vn -0.8377 -0.2588 -0.4809
vn -0.6132 -0.7071 -0.3521
vn -0.2245 -0.9659 -0.1289
vn -0.7278 -0.2588 -0.6351
vn -0.5328 -0.7071 -0.4649
vn -0.1950 -0.9659 -0.1702
vn -0.5899 -0.2588 -0.7649
vn -0.4318 -0.7071 -0.5599
vn -0.1581 -0.9659 -0.2049
vn -0.4293 -0.2588 -0.8653
vn -0.3143 -0.7071 -0.6334
vn -0.1150 -0.9659 -0.2319
vn -0.2523 -0.2588 -0.9324
vn -0.1847 -0.7071 -0.6826
vn -0.0676 -0.9659 -0.2498
vn -0.0655 -0.2588 -0.9637
vn -0.0480 -0.7071 -0.7055
vn -0.0176 -0.9659 -0.2582
vn 0.0000 -1.0000 -0.0000
usemtl マテリアル.004
s off
f 130/1/1 2/2/1 6/3/1 133/4/1
f 141/5/2 14/6/2 18/7/2 145/8/2
f 145/9/3 18/10/3 22/11/3 149/12/3
f 149/12/4 22/11/4 26/13/4 153/14/4
f 153/14/5 26/13/5 30/15/5 157/16/5
f 157/16/6 30/15/6 34/17/6 161/18/6
f 161/18/7 34/17/7 38/19/7 165/20/7
f 165/20/8 38/19/8 42/21/8 169/22/8
f 169/22/9 42/21/9 46/23/9 173/24/9
f 173/24/10 46/23/10 50/25/10 177/26/10
f 177/27/11 50/28/11 54/29/11 181/30/11
f 181/30/12 54/29/12 58/31/12 185/32/12
f 185/32/13 58/31/13 62/33/13 189/34/13
f 189/34/14 62/33/14 66/35/14 193/36/14
f 193/36/15 66/35/15 70/37/15 197/38/15
f 197/38/16 70/37/16 74/39/16 201/40/16
f 201/40/17 74/39/17 78/41/17 205/42/17
f 205/42/18 78/41/18 82/43/18 209/44/18
f 209/45/19 82/46/19 86/47/19 213/48/19
f 213/48/20 86/47/20 90/49/20 217/50/20
f 217/50/21 90/49/21 94/51/21 221/52/21
f 221/52/22 94/51/22 98/53/22 225/54/22
f 225/54/23 98/53/23 102/55/23 229/56/23
f 229/56/24 102/55/24 106/57/24 233/58/24
f 233/58/25 106/57/25 110/59/25 237/60/25
f 237/60/26 110/59/26 114/61/26 241/62/26
f 241/63/27 114/64/27 118/65/27 245/66/27
f 245/66/28 118/65/28 122/67/28 249/68/28
f 249/68/29 122/67/29 126/69/29 253/70/29
f 133/4/30 6/3/30 10/71/30 137/72/30
f 137/72/31 10/71/31 14/6/31 141/5/31
f 253/70/32 126/69/32 2/2/32 130/1/32
f 6/3/33 2/2/33 4/73/33 8/74/33
f 8/74/34 4/73/34 3/75/34 7/76/34
f 7/77/35 3/78/35 1/79/35 5/80/35
f 10/71/36 6/3/36 8/74/36 12/81/36
f 12/82/37 8/83/37 7/77/37 11/84/37
f 11/84/38 7/77/38 5/80/38 9/85/38
f 14/6/39 10/71/39 12/81/39 16/86/39
f 16/87/40 12/82/40 11/84/40 15/88/40
f 15/88/41 11/84/41 9/85/41 13/89/41
f 18/7/42 14/6/42 16/86/42 20/90/42
f 20/91/43 16/87/43 15/88/43 19/92/43
f 19/92/44 15/88/44 13/89/44 17/93/44
f 22/11/45 18/10/45 20/94/45 24/95/45
f 24/96/46 20/91/46 19/92/46 23/97/46
f 23/97/47 19/92/47 17/93/47 21/98/47
f 26/13/48 22/11/48 24/95/48 28/99/48
f 28/100/49 24/96/49 23/97/49 27/101/49
f 27/101/50 23/97/50 21/98/50 25/102/50
f 30/15/51 26/13/51 28/99/51 32/103/51
f 32/104/52 28/100/52 27/101/52 31/105/52
f 31/105/53 27/101/53 25/102/53 29/106/53
f 34/17/54 30/15/54 32/103/54 36/107/54
f 36/108/55 32/104/55 31/105/55 35/109/55
f 35/109/56 31/105/56 29/106/56 33/110/56
f 38/19/57 34/17/57 36/107/57 40/111/57
f 40/111/58 36/107/58 35/112/58 39/113/58
f 39/114/59 35/109/59 33/110/59 37/115/59
f 42/21/60 38/19/60 40/111/60 44/116/60
f 44/117/61 40/118/61 39/114/61 43/119/61
f 43/119/62 39/114/62 37/115/62 41/120/62
f 46/23/63 42/21/63 44/116/63 48/121/63
f 48/122/64 44/117/64 43/119/64 47/123/64
f 47/123/65 43/119/65 41/120/65 45/124/65
f 50/25/66 46/23/66 48/121/66 52/125/66
f 52/126/67 48/122/67 47/123/67 51/127/67
f 51/127/68 47/123/68 45/124/68 49/128/68
f 54/29/69 50/28/69 52/129/69 56/130/69
f 56/131/70 52/126/70 51/127/70 55/132/70
f 55/132/71 51/127/71 49/128/71 53/133/71
f 58/31/72 54/29/72 56/130/72 60/134/72
f 60/135/73 56/131/73 55/132/73 59/136/73
f 59/136/74 55/132/74 53/133/74 57/137/74
f 62/33/75 58/31/75 60/134/75 64/138/75
f 64/139/76 60/135/76 59/136/76 63/140/76
f 63/140/77 59/136/77 57/137/77 61/141/77
f 66/35/78 62/33/78 64/138/78 68/142/78
f 68/143/79 64/139/79 63/140/79 67/144/79
f 67/144/80 63/140/80 61/141/80 65/145/80
f 70/37/81 66/35/81 68/142/81 72/146/81
f 72/147/82 68/143/82 67/144/82 71/148/82
f 71/148/83 67/144/83 65/145/83 69/149/83
f 74/39/84 70/37/84 72/146/84 76/150/84
f 76/151/85 72/147/85 71/148/85 75/152/85
f 75/152/86 71/148/86 69/149/86 73/153/86
f 78/41/87 74/39/87 76/150/87 80/154/87
f 80/155/88 76/151/88 75/152/88 79/156/88
f 79/156/89 75/152/89 73/153/89 77/157/89
f 82/43/90 78/41/90 80/154/90 84/158/90
f 84/159/91 80/155/91 79/156/91 83/160/91
f 83/160/92 79/156/92 77/157/92 81/161/92
f 86/47/93 82/46/93 84/162/93 88/163/93
f 88/164/94 84/159/94 83/160/94 87/165/94
f 87/165/95 83/160/95 81/161/95 85/166/95
f 90/49/96 86/47/96 88/163/96 92/167/96
f 92/168/97 88/164/97 87/165/97 91/169/97
f 91/169/98 87/165/98 85/166/98 89/170/98
f 94/51/99 90/49/99 92/167/99 96/171/99
f 96/172/100 92/168/100 91/169/100 95/173/100
f 95/173/101 91/169/101 89/170/101 93/174/101
f 98/53/102 94/51/102 96/171/102 100/175/102
f 100/176/103 96/172/103 95/173/103 99/177/103
f 99/177/104 95/173/104 93/174/104 97/178/104
f 102/55/105 98/53/105 100/175/105 104/179/105
f 104/179/106 100/175/106 99/180/106 103/181/106
f 103/182/107 99/177/107 97/178/107 101/183/107
f 106/57/108 102/55/108 104/179/108 108/184/108
f 108/185/109 104/186/109 103/182/109 107/187/109
f 107/187/110 103/182/110 101/183/110 105/188/110
f 110/59/111 106/57/111 108/184/111 112/189/111
f 112/190/112 108/185/112 107/187/112 111/191/112
f 111/191/113 107/187/113 105/188/113 109/192/113
f 114/61/114 110/59/114 112/189/114 116/193/114
f 116/194/115 112/190/115 111/191/115 115/195/115
f 115/195/116 111/191/116 109/192/116 113/196/116
f 118/65/117 114/64/117 116/197/117 120/198/117
f 120/199/118 116/194/118 115/195/118 119/200/118
f 119/200/119 115/195/119 113/196/119 117/201/119
f 122/67/120 118/65/120 120/198/120 124/202/120
f 124/203/121 120/199/121 119/200/121 123/204/121
f 123/204/122 119/200/122 117/201/122 121/205/122
f 126/69/123 122/67/123 124/202/123 128/206/123
f 128/207/124 124/203/124 123/204/124 127/208/124
f 127/208/125 123/204/125 121/205/125 125/209/125
f 2/2/126 126/69/126 128/206/126 4/73/126
f 4/210/127 128/207/127 127/208/127 3/78/127
f 3/78/128 127/208/128 125/209/128 1/79/128
f 5/80/129 1/79/129 125/209/129 121/205/129 117/201/129 113/196/129 109/192/129 105/188/129 101/183/129 97/178/129 93/174/129 89/170/129 85/166/129 81/161/129 77/157/129 73/153/129 69/149/129 65/145/129 61/141/129 57/137/129 53/133/129 49/128/129 45/124/129 41/120/129 37/115/129 33/110/129 29/106/129 25/102/129 21/98/129 17/93/129 13/89/129 9/85/129
f 130/1/130 133/4/130 135/211/130 132/212/130
f 132/213/131 135/214/131 136/215/131 131/216/131
f 131/216/132 136/215/132 134/217/132 129/218/132
f 133/4/133 137/72/133 139/219/133 135/211/133
f 135/214/134 139/220/134 140/221/134 136/215/134
f 136/215/135 140/221/135 138/222/135 134/217/135
f 137/72/136 141/5/136 143/223/136 139/219/136
f 139/220/137 143/224/137 144/225/137 140/221/137
f 140/221/138 144/225/138 142/226/138 138/222/138
f 141/5/139 145/8/139 147/227/139 143/223/139
f 143/224/140 147/228/140 148/229/140 144/225/140
f 144/225/141 148/229/141 146/230/141 142/226/141
f 145/9/142 149/12/142 151/231/142 147/232/142
f 147/228/143 151/233/143 152/234/143 148/229/143
f 148/229/144 152/234/144 150/235/144 146/230/144
f 149/12/145 153/14/145 155/236/145 151/231/145
f 151/233/146 155/237/146 156/238/146 152/234/146
f 152/234/147 156/238/147 154/239/147 150/235/147
f 153/14/148 157/16/148 159/240/148 155/236/148
f 155/237/149 159/241/149 160/242/149 156/238/149
f 156/238/150 160/242/150 158/243/150 154/239/150
f 157/16/151 161/18/151 163/244/151 159/240/151
f 159/241/152 163/245/152 164/246/152 160/242/152
f 160/242/153 164/246/153 162/247/153 158/243/153
f 161/18/154 165/20/154 167/248/154 163/244/154
f 163/245/155 167/249/155 168/250/155 164/246/155
f 164/246/156 168/250/156 166/251/156 162/247/156
f 165/20/157 169/22/157 171/252/157 167/248/157
f 167/249/158 171/253/158 172/254/158 168/250/158
f 168/250/159 172/254/159 170/255/159 166/251/159
f 169/22/160 173/24/160 175/256/160 171/252/160
f 171/253/161 175/257/161 176/258/161 172/254/161
f 172/254/162 176/258/162 174/259/162 170/255/162
f 173/24/163 177/26/163 179/260/163 175/256/163
f 175/257/164 179/261/164 180/262/164 176/258/164
f 176/258/165 180/262/165 178/263/165 174/259/165
f 177/27/166 181/30/166 183/264/166 179/265/166
f 179/261/167 183/266/167 184/267/167 180/262/167
f 180/262/168 184/267/168 182/268/168 178/263/168
f 181/30/169 185/32/169 187/269/169 183/264/169
f 183/266/170 187/270/170 188/271/170 184/267/170
f 184/267/171 188/271/171 186/272/171 182/268/171
f 185/32/172 189/34/172 191/273/172 187/269/172
f 187/270/173 191/274/173 192/275/173 188/271/173
f 188/271/174 192/275/174 190/276/174 186/272/174
f 189/34/175 193/36/175 195/277/175 191/273/175
f 191/274/176 195/278/176 196/279/176 192/275/176
f 192/275/177 196/279/177 194/280/177 190/276/177
f 193/36/178 197/38/178 199/281/178 195/277/178
f 195/277/179 199/281/179 200/282/179 196/283/179
f 196/279/180 200/284/180 198/285/180 194/280/180
f 197/38/181 201/40/181 203/286/181 199/281/181
f 199/287/182 203/288/182 204/289/182 200/284/182
f 200/284/183 204/289/183 202/290/183 198/285/183
f 201/40/184 205/42/184 207/291/184 203/286/184
f 203/288/185 207/292/185 208/293/185 204/289/185
f 204/289/186 208/293/186 206/294/186 202/290/186
f 205/42/187 209/44/187 211/295/187 207/291/187
f 207/292/188 211/296/188 212/297/188 208/293/188
f 208/293/189 212/297/189 210/298/189 206/294/189
f 209/45/190 213/48/190 215/299/190 211/300/190
f 211/296/191 215/301/191 216/302/191 212/297/191
f 212/297/192 216/302/192 214/303/192 210/298/192
f 213/48/193 217/50/193 219/304/193 215/299/193
f 215/301/194 219/305/194 220/306/194 216/302/194
f 216/302/195 220/306/195 218/307/195 214/303/195
f 217/50/196 221/52/196 223/308/196 219/304/196
f 219/305/197 223/309/197 224/310/197 220/306/197
f 220/306/198 224/310/198 222/311/198 218/307/198
f 221/52/199 225/54/199 227/312/199 223/308/199
f 223/309/200 227/313/200 228/314/200 224/310/200
f 224/310/201 228/314/201 226/315/201 222/311/201
f 225/54/202 229/56/202 231/316/202 227/312/202
f 227/313/203 231/317/203 232/318/203 228/314/203
f 228/314/204 232/318/204 230/319/204 226/315/204
f 229/56/205 233/58/205 235/320/205 231/316/205
f 231/317/206 235/321/206 236/322/206 232/318/206
f 232/318/207 236/322/207 234/323/207 230/319/207
f 233/58/208 237/60/208 239/324/208 235/320/208
f 235/321/209 239/325/209 240/326/209 236/322/209
f 236/322/210 240/326/210 238/327/210 234/323/210
f 237/60/211 241/62/211 243/328/211 239/324/211
f 239/325/212 243/329/212 244/330/212 240/326/212
f 240/326/213 244/330/213 242/331/213 238/327/213
f 241/63/214 245/66/214 247/332/214 243/333/214
f 243/329/215 247/334/215 248/335/215 244/330/215
f 244/330/216 248/335/216 246/336/216 242/331/216
f 245/66/217 249/68/217 251/337/217 247/332/217
f 247/334/218 251/338/218 252/339/218 248/335/218
f 248/335/219 252/339/219 250/340/219 246/336/219
f 249/68/220 253/70/220 255/341/220 251/337/220
f 251/338/221 255/342/221 256/343/221 252/339/221
f 252/339/222 256/343/222 254/344/222 250/340/222
f 253/70/223 130/1/223 132/212/223 255/341/223
f 255/342/224 132/213/224 131/216/224 256/343/224
f 256/343/225 131/216/225 129/218/225 254/344/225
f 129/218/226 134/217/226 138/222/226 142/226/226 146/230/226 150/235/226 154/239/226 158/243/226 162/247/226 166/251/226 170/255/226 174/259/226 178/263/226 182/268/226 186/272/226 190/276/226 194/280/226 198/285/226 202/290/226 206/294/226 210/298/226 214/303/226 218/307/226 222/311/226 226/315/226 230/319/226 234/323/226 238/327/226 242/331/226 246/336/226 250/340/226 254/344/226
o めがね_円柱.003
v 1.147022 6.478761 -2.631989
v 1.149404 6.391566 -2.717319
v 1.148213 6.467079 -2.674654
v 1.149085 6.435163 -2.705887
v 4.286630 6.478761 -2.211706
v 4.305621 6.391566 -2.294956
v 4.296125 6.467079 -2.253331
v 4.303076 6.435163 -2.283802
v 4.398988 6.478761 -2.173980
v 4.433965 6.391566 -2.251863
v 4.416477 6.467079 -2.212922
v 4.429279 6.435163 -2.241428
v 4.501937 6.478761 -2.114996
v 4.551436 6.391566 -2.184558
v 4.526687 6.467079 -2.149777
v 4.544805 6.435163 -2.175239
v 4.591402 6.478761 -2.037062
v 4.653521 6.391566 -2.095630
v 4.622461 6.467079 -2.066346
v 4.645198 6.435163 -2.087783
v 4.663941 6.478761 -1.943171
v 4.736293 6.391566 -1.988495
v 4.700117 6.467079 -1.965833
v 4.726601 6.435163 -1.982422
v 4.716772 6.478761 -1.836931
v 4.796575 6.391566 -1.867270
v 4.756673 6.467079 -1.852101
v 4.785883 6.435163 -1.863205
v 4.747860 6.478761 -1.722428
v 4.832049 6.391566 -1.736614
v 4.789955 6.467079 -1.729521
v 4.820769 6.435163 -1.734713
v 4.756021 6.478761 -1.603930
v 4.841352 6.391566 -1.601548
v 4.798686 6.467079 -1.602739
v 4.829918 6.435163 -1.601867
v 4.583419 6.478761 0.170532
v 4.666670 6.391566 0.189520
v 4.625044 6.467079 0.180026
v 4.655516 6.435163 0.186977
v 4.545694 6.478761 0.282888
v 4.623577 6.391566 0.317865
v 4.584635 6.467079 0.300377
v 4.613142 6.435163 0.313179
v 4.486711 6.478761 0.385837
v 4.556273 6.391566 0.435336
v 4.521491 6.467079 0.410587
v 4.546953 6.435163 0.428705
v 4.408775 6.478761 0.475301
v 4.467344 6.391566 0.537420
v 4.438059 6.467079 0.506361
v 4.459497 6.435163 0.529097
v 4.314884 6.478761 0.547841
v 4.360209 6.391566 0.620193
v 4.337545 6.467079 0.584017
v 4.354136 6.435163 0.610500
v 4.208646 6.478761 0.600671
v 4.238984 6.391566 0.680475
v 4.223815 6.467079 0.640573
v 4.234919 6.435163 0.669783
v 4.094140 6.478761 0.631759
v 4.108327 6.391566 0.715948
v 4.101234 6.467079 0.673853
v 4.106427 6.435163 0.704668
v 3.975645 6.478761 0.639921
v 3.973261 6.391566 0.725251
v 3.974453 6.467079 0.682586
v 3.973580 6.435163 0.713819
v 0.836036 6.478761 0.219638
v 0.817045 6.391566 0.302887
v 0.826540 6.467079 0.261262
v 0.819589 6.435163 0.291734
v 0.723678 6.478761 0.181912
v 0.688701 6.391566 0.259794
v 0.706189 6.467079 0.220854
v 0.693387 6.435163 0.249360
v 0.620729 6.478761 0.122928
v 0.571229 6.391566 0.192490
v 0.595979 6.467079 0.157709
v 0.577861 6.435163 0.183170
v 0.531266 6.478761 0.044994
v 0.469146 6.391566 0.103562
v 0.500206 6.467079 0.074278
v 0.477468 6.435163 0.095715
v 0.458724 6.478761 -0.048898
v 0.386373 6.391566 -0.003573
v 0.422548 6.467079 -0.026236
v 0.396066 6.435163 -0.009646
v 0.405895 6.478761 -0.155136
v 0.326091 6.391566 -0.124798
v 0.365993 6.467079 -0.139967
v 0.336783 6.435163 -0.128863
v 0.374806 6.478761 -0.269640
v 0.290618 6.391566 -0.255454
v 0.332713 6.467079 -0.262547
v 0.301897 6.435163 -0.257354
v 0.366645 6.478761 -0.388138
v 0.281316 6.391566 -0.390520
v 0.323980 6.467079 -0.389329
v 0.292748 6.435163 -0.390201
v 0.539247 6.478761 -2.162601
v 0.455997 6.391566 -2.181589
v 0.497622 6.467079 -2.172095
v 0.467150 6.435163 -2.179045
v 0.576972 6.478761 -2.274956
v 0.499090 6.391566 -2.309933
v 0.538031 6.467079 -2.292444
v 0.509524 6.435163 -2.305247
v 0.635956 6.478761 -2.377905
v 0.566394 6.391566 -2.427404
v 0.601174 6.467079 -2.402655
v 0.575713 6.435163 -2.420773
v 0.713891 6.478761 -2.467369
v 0.655322 6.391566 -2.529488
v 0.684607 6.467079 -2.498429
v 0.663170 6.435163 -2.521165
v 0.807781 6.478761 -2.539910
v 0.762458 6.391566 -2.612262
v 0.785120 6.467079 -2.576085
v 0.768530 6.435163 -2.602568
v 0.914021 6.478761 -2.592739
v 0.883682 6.391566 -2.672543
v 0.898852 6.467079 -2.632641
v 0.887747 6.435163 -2.661851
v 1.028525 6.478761 -2.623828
v 1.014338 6.391566 -2.708017
v 1.021431 6.467079 -2.665922
v 1.016239 6.435163 -2.696738
v 1.147883 5.954730 -2.662857
v 1.149404 6.010382 -2.717319
v 1.148643 5.962186 -2.690088
v 1.149200 5.982556 -2.710022
v 4.305621 6.010382 -2.294956
v 4.293499 5.954730 -2.241821
v 4.303997 5.982556 -2.287838
v 4.299560 5.962186 -2.268389
v 4.433965 6.010382 -2.251863
v 4.411641 5.954730 -2.202154
v 4.430975 5.982556 -2.245203
v 4.422803 5.962186 -2.227008
v 4.551436 6.010382 -2.184558
v 4.519843 5.954730 -2.140160
v 4.547204 5.982556 -2.178610
v 4.535639 5.962186 -2.162359
v 4.653521 6.010382 -2.095630
v 4.613873 5.954730 -2.058249
v 4.648209 5.982556 -2.090621
v 4.633697 5.962186 -2.076939
v 4.736293 6.010382 -1.988495
v 4.690114 5.954730 -1.959566
v 4.730106 5.982556 -1.984619
v 4.713204 5.962186 -1.974030
v 4.796575 6.010382 -1.867270
v 4.745640 5.954730 -1.847907
v 4.789752 5.982556 -1.864676
v 4.771107 5.962186 -1.857588
v 4.832049 6.010382 -1.736614
v 4.778315 5.954730 -1.727559
v 4.824849 5.982556 -1.735401
v 4.805182 5.962186 -1.732087
v 4.841352 6.010382 -1.601548
v 4.786890 5.954730 -1.603069
v 4.834055 5.982556 -1.601752
v 4.814121 5.962186 -1.602309
v 4.666670 6.010382 0.189520
v 4.613534 5.954730 0.177401
v 4.659551 5.982556 0.187897
v 4.640102 5.962186 0.183461
v 4.623577 6.010382 0.317865
v 4.573867 5.954730 0.295541
v 4.616917 5.982556 0.314874
v 4.598723 5.962186 0.306703
v 4.556273 6.010382 0.435336
v 4.511875 5.954730 0.403743
v 4.550324 5.982556 0.431104
v 4.534073 5.962186 0.419540
v 4.467344 6.010382 0.537420
v 4.429963 5.954730 0.497772
v 4.462336 5.982556 0.532108
v 4.448654 5.962186 0.517596
v 4.360209 6.010382 0.620193
v 4.331279 5.954730 0.574014
v 4.356332 5.982556 0.614006
v 4.345744 5.962186 0.597104
v 4.238984 6.010382 0.680475
v 4.219620 5.954730 0.629540
v 4.236389 5.982556 0.673651
v 4.229302 5.962186 0.655007
v 4.108327 6.010382 0.715948
v 4.099272 5.954730 0.662214
v 4.107115 5.982556 0.708749
v 4.103800 5.962186 0.689081
v 3.973261 6.010382 0.725251
v 3.974783 5.954730 0.670788
v 3.973465 5.982556 0.717954
v 3.974022 5.962186 0.698019
v 0.817045 6.010382 0.302887
v 0.829167 5.954730 0.249753
v 0.818669 5.982556 0.295768
v 0.823106 5.962186 0.276320
v 0.688701 6.010382 0.259794
v 0.711025 5.954730 0.210085
v 0.691692 5.982556 0.253134
v 0.699863 5.962186 0.234940
v 0.571229 6.010382 0.192490
v 0.602823 5.954730 0.148092
v 0.575462 5.982556 0.186542
v 0.587026 5.962186 0.170291
v 0.469146 6.010382 0.103562
v 0.508793 5.954730 0.066180
v 0.474458 5.982556 0.098553
v 0.488970 5.962186 0.084870
v 0.386373 6.010382 -0.003573
v 0.432552 5.954730 -0.032502
v 0.392560 5.982556 -0.007449
v 0.409462 5.962186 -0.018037
v 0.326091 6.010382 -0.124798
v 0.377026 5.954730 -0.144161
v 0.332915 5.982556 -0.127392
v 0.351559 5.962186 -0.134480
v 0.290618 6.010382 -0.255454
v 0.344352 5.954730 -0.264509
v 0.297816 5.982556 -0.256667
v 0.317484 5.962186 -0.259981
v 0.281316 6.010382 -0.390520
v 0.335777 5.954730 -0.389000
v 0.288612 5.982556 -0.390316
v 0.308546 5.962186 -0.389760
v 0.455997 6.010382 -2.181589
v 0.509132 5.954730 -2.169470
v 0.463116 5.982556 -2.179965
v 0.482564 5.962186 -2.175529
v 0.499090 6.010382 -2.309933
v 0.548799 5.954730 -2.287609
v 0.505749 5.982556 -2.306942
v 0.523944 5.962186 -2.298771
v 0.566394 6.010382 -2.427404
v 0.610792 5.954730 -2.395812
v 0.572342 5.982556 -2.423172
v 0.588593 5.962186 -2.411608
v 0.655322 6.010382 -2.529488
v 0.692704 5.954730 -2.489840
v 0.660331 5.982556 -2.524177
v 0.674014 5.962186 -2.509664
v 0.762458 6.010382 -2.612262
v 0.791386 5.954730 -2.566083
v 0.766333 5.982556 -2.606075
v 0.776922 5.962186 -2.589172
v 0.883682 6.010382 -2.672543
v 0.903046 5.954730 -2.621608
v 0.886277 5.982556 -2.665719
v 0.893364 5.962186 -2.647076
v 1.014338 6.010382 -2.708017
v 1.023394 5.954730 -2.654283
v 1.015551 5.982556 -2.700818
v 1.018866 5.962186 -2.681150
v -3.878158 6.478761 -3.261229
v -3.875777 6.391566 -3.346559
v -3.876968 6.467079 -3.303894
v -3.876096 6.435163 -3.335126
v -0.738551 6.478761 -2.840946
v -0.719560 6.391566 -2.924195
v -0.729056 6.467079 -2.882570
v -0.722104 6.435163 -2.913042
v -0.626192 6.478761 -2.803220
v -0.591216 6.391566 -2.881102
v -0.608704 6.467079 -2.842161
v -0.595901 6.435163 -2.870668
v -0.523243 6.478761 -2.744236
v -0.473744 6.391566 -2.813798
v -0.498493 6.467079 -2.779017
v -0.480376 6.435163 -2.804479
v -0.433779 6.478761 -2.666302
v -0.371660 6.391566 -2.724870
v -0.402720 6.467079 -2.695586
v -0.379983 6.435163 -2.717023
v -0.361239 6.478761 -2.572411
v -0.288887 6.391566 -2.617734
v -0.325064 6.467079 -2.595073
v -0.298580 6.435163 -2.611662
v -0.308409 6.478761 -2.466171
v -0.228606 6.391566 -2.496510
v -0.268507 6.467079 -2.481340
v -0.239298 6.435163 -2.492445
v -0.277321 6.478761 -2.351668
v -0.193132 6.391566 -2.365854
v -0.235226 6.467079 -2.358761
v -0.204412 6.435163 -2.363953
v -0.269159 6.478761 -2.233170
v -0.183829 6.391566 -2.230788
v -0.226495 6.467079 -2.231978
v -0.195262 6.435163 -2.231107
v -0.441762 6.478761 -0.458708
v -0.358511 6.391566 -0.439720
v -0.400136 6.467079 -0.449214
v -0.369665 6.435163 -0.442263
v -0.479486 6.478761 -0.346352
v -0.401604 6.391566 -0.311375
v -0.440545 6.467079 -0.328863
v -0.412039 6.435163 -0.316061
v -0.538470 6.478761 -0.243403
v -0.468908 6.391566 -0.193903
v -0.503690 6.467079 -0.218653
v -0.478227 6.435163 -0.200535
v -0.616405 6.478761 -0.153939
v -0.557836 6.391566 -0.091820
v -0.587121 6.467079 -0.122879
v -0.565683 6.435163 -0.100142
v -0.710297 6.478761 -0.081398
v -0.664972 6.391566 -0.009047
v -0.687635 6.467079 -0.045223
v -0.671045 6.435163 -0.018740
v -0.816534 6.478761 -0.028569
v -0.786197 6.391566 0.051235
v -0.801366 6.467079 0.011333
v -0.790262 6.435163 0.040543
v -0.931040 6.478761 0.002519
v -0.916853 6.391566 0.086708
v -0.923947 6.467079 0.044614
v -0.918754 6.435163 0.075428
v -1.049536 6.478761 0.010681
v -1.051919 6.391566 0.096011
v -1.050727 6.467079 0.053346
v -1.051600 6.435163 0.084579
v -4.189145 6.478761 -0.409602
v -4.208135 6.391566 -0.326353
v -4.198639 6.467079 -0.367977
v -4.205591 6.435163 -0.337506
v -4.301502 6.478761 -0.447328
v -4.336480 6.391566 -0.369446
v -4.318991 6.467079 -0.408386
v -4.331794 6.435163 -0.379880
v -4.404452 6.478761 -0.506312
v -4.453951 6.391566 -0.436750
v -4.429202 6.467079 -0.471531
v -4.447319 6.435163 -0.446069
v -4.493915 6.478761 -0.584246
v -4.556035 6.391566 -0.525678
v -4.524975 6.467079 -0.554962
v -4.547712 6.435163 -0.533525
v -4.566456 6.478761 -0.678138
v -4.638807 6.391566 -0.632813
v -4.602632 6.467079 -0.655476
v -4.629115 6.435163 -0.638886
v -4.619285 6.478761 -0.784376
v -4.699090 6.391566 -0.754038
v -4.659187 6.467079 -0.769207
v -4.688397 6.435163 -0.758102
v -4.650374 6.478761 -0.898880
v -4.734563 6.391566 -0.884694
v -4.692467 6.467079 -0.891787
v -4.723283 6.435163 -0.886594
v -4.658535 6.478761 -1.017378
v -4.743865 6.391566 -1.019760
v -4.701200 6.467079 -1.018569
v -4.732432 6.435163 -1.019441
v -4.485933 6.478761 -2.791840
v -4.569184 6.391566 -2.810829
v -4.527558 6.467079 -2.801334
v -4.558031 6.435163 -2.808285
v -4.448208 6.478761 -2.904196
v -4.526090 6.391566 -2.939173
v -4.487149 6.467079 -2.921684
v -4.515656 6.435163 -2.934487
v -4.389225 6.478761 -3.007145
v -4.458786 6.391566 -3.056644
v -4.424006 6.467079 -3.031895
v -4.449467 6.435163 -3.050013
v -4.311290 6.478761 -3.096609
v -4.369858 6.391566 -3.158728
v -4.340574 6.467079 -3.127668
v -4.362011 6.435163 -3.150405
v -4.217399 6.478761 -3.169149
v -4.262723 6.391566 -3.241501
v -4.240060 6.467079 -3.205325
v -4.256651 6.435163 -3.231808
v -4.111159 6.478761 -3.221979
v -4.141498 6.391566 -3.301783
v -4.126328 6.467079 -3.261881
v -4.137433 6.435163 -3.291091
v -3.996656 6.478761 -3.253067
v -4.010842 6.391566 -3.337256
v -4.003749 6.467079 -3.295162
v -4.008942 6.435163 -3.325978
v -3.877297 5.954730 -3.292097
v -3.875777 6.010382 -3.346559
v -3.876537 5.962186 -3.319328
v -3.875981 5.982556 -3.339262
v -0.719560 6.010382 -2.924195
v -0.731682 5.954730 -2.871061
v -0.721184 5.982556 -2.917077
v -0.725621 5.962186 -2.897628
v -0.591216 6.010382 -2.881102
v -0.613540 5.954730 -2.831393
v -0.594206 5.982556 -2.874442
v -0.602378 5.962186 -2.856247
v -0.473744 6.010382 -2.813798
v -0.505337 5.954730 -2.769400
v -0.477977 5.982556 -2.807850
v -0.489541 5.962186 -2.791599
v -0.371660 6.010382 -2.724870
v -0.411308 5.954730 -2.687488
v -0.376972 5.982556 -2.719861
v -0.391484 5.962186 -2.706179
v -0.288887 6.010382 -2.617734
v -0.335066 5.954730 -2.588806
v -0.295074 5.982556 -2.613858
v -0.311977 5.962186 -2.603271
v -0.228606 6.010382 -2.496510
v -0.279541 5.954730 -2.477147
v -0.235429 5.982556 -2.493916
v -0.254073 5.962186 -2.486828
v -0.193132 6.010382 -2.365854
v -0.246866 5.954730 -2.356799
v -0.200332 5.982556 -2.364640
v -0.219999 5.962186 -2.361326
v -0.183829 6.010382 -2.230788
v -0.238292 5.954730 -2.232309
v -0.191126 5.982556 -2.230992
v -0.211060 5.962186 -2.231549
v -0.358511 6.010382 -0.439720
v -0.411646 5.954730 -0.451839
v -0.365630 5.982556 -0.441343
v -0.385078 5.962186 -0.445779
v -0.401604 6.010382 -0.311375
v -0.451313 5.954730 -0.333699
v -0.408263 5.982556 -0.314366
v -0.426458 5.962186 -0.322537
v -0.468908 6.010382 -0.193903
v -0.513306 5.954730 -0.225497
v -0.474856 5.982556 -0.198136
v -0.491107 5.962186 -0.209700
v -0.557836 6.010382 -0.091820
v -0.595218 5.954730 -0.131468
v -0.562844 5.982556 -0.097132
v -0.576527 5.962186 -0.111644
v -0.664972 6.010382 -0.009047
v -0.693901 5.954730 -0.055226
v -0.668848 5.982556 -0.015234
v -0.679437 5.962186 -0.032136
v -0.786197 6.010382 0.051235
v -0.805560 5.954730 0.000300
v -0.788791 5.982556 0.044411
v -0.795878 5.962186 0.025767
v -0.916853 6.010382 0.086708
v -0.925909 5.954730 0.032974
v -0.918066 5.982556 0.079509
v -0.921381 5.962186 0.059841
v -1.051919 6.010382 0.096011
v -1.050398 5.954730 0.041548
v -1.051715 5.982556 0.088714
v -1.051158 5.962186 0.068779
v -4.208135 6.010382 -0.326353
v -4.196013 5.954730 -0.379487
v -4.206511 5.982556 -0.333472
v -4.202074 5.962186 -0.352920
v -4.336480 6.010382 -0.369446
v -4.314156 5.954730 -0.419155
v -4.333488 5.982556 -0.376105
v -4.325318 5.962186 -0.394300
v -4.453951 6.010382 -0.436750
v -4.422358 5.954730 -0.481148
v -4.449718 5.982556 -0.442698
v -4.438154 5.962186 -0.458949
v -4.556035 6.010382 -0.525678
v -4.516387 5.954730 -0.563060
v -4.550722 5.982556 -0.530687
v -4.536211 5.962186 -0.544370
v -4.638807 6.010382 -0.632813
v -4.592628 5.954730 -0.661741
v -4.632621 5.982556 -0.636689
v -4.615717 5.962186 -0.647277
v -4.699090 6.010382 -0.754038
v -4.648154 5.954730 -0.773401
v -4.692265 5.982556 -0.756632
v -4.673622 5.962186 -0.763720
v -4.734563 6.010382 -0.884694
v -4.680829 5.954730 -0.893749
v -4.727364 5.982556 -0.885907
v -4.707696 5.962186 -0.889221
v -4.743865 6.010382 -1.019760
v -4.689403 5.954730 -1.018240
v -4.736569 5.982556 -1.019556
v -4.716634 5.962186 -1.019000
v -4.569184 6.010382 -2.810829
v -4.516048 5.954730 -2.798709
v -4.562065 5.982556 -2.809205
v -4.542616 5.962186 -2.804769
v -4.526090 6.010382 -2.939173
v -4.476382 5.954730 -2.916849
v -4.519431 5.982556 -2.936182
v -4.501236 5.962186 -2.928011
v -4.458786 6.010382 -3.056644
v -4.414388 5.954730 -3.025051
v -4.452838 5.982556 -3.052412
v -4.436587 5.962186 -3.040847
v -4.369858 6.010382 -3.158728
v -4.332476 5.954730 -3.119080
v -4.364849 5.982556 -3.153416
v -4.351167 5.962186 -3.138904
v -4.262723 6.010382 -3.241501
v -4.233794 5.954730 -3.195323
v -4.258847 5.982556 -3.235314
v -4.248258 5.962186 -3.218411
v -4.141498 6.010382 -3.301783
v -4.122134 5.954730 -3.250848
v -4.138904 5.982556 -3.294959
v -4.131816 5.962186 -3.276315
v -4.010842 6.010382 -3.337256
v -4.001786 5.954730 -3.283523
v -4.009629 5.982556 -3.330058
v -4.006315 5.962186 -3.310390
v -0.189988 6.391566 -2.171088
v -0.164381 6.391566 -2.141975
v -0.171526 5.982556 -2.142512
v -0.197229 5.982556 -2.171757
v -0.192385 5.962186 -2.133808
v -0.218294 5.962186 -2.163250
v -0.250372 5.954730 -2.137524
v -0.224488 5.954730 -2.107863
v -0.250962 5.954730 -2.110445
v -0.175589 6.435163 -2.142817
v -0.201348 6.435163 -2.171999
v -0.205965 6.467079 -2.130221
v -0.232043 6.467079 -2.159552
v -0.251672 6.478761 -2.104373
v -0.277853 6.478761 -2.133838
v -0.280180 6.478761 -2.105993
v -0.164396 6.010382 -2.141977
v -0.189985 6.010382 -2.171113
v 0.316052 6.391566 -1.291723
v 0.351998 6.391566 -1.253110
v 0.326936 6.435163 -1.290390
v 0.363274 6.435163 -1.251493
v 0.356306 6.467079 -1.303635
v 0.393460 6.467079 -1.264213
v 0.404053 6.478761 -1.333835
v 0.441374 6.478761 -1.293928
v 0.448282 6.478761 -1.363761
v 0.352000 6.010382 -1.253129
v 0.316029 6.010382 -1.291725
v 0.359194 5.982556 -1.252069
v 0.322775 5.982556 -1.290890
v 0.378996 5.962186 -1.261855
v 0.341701 5.962186 -1.301092
v 0.406806 5.954730 -1.275719
v 0.368926 5.954730 -1.315247
v 0.413440 5.954730 -1.345282
v 0.408138 6.435163 -2.069876
v 0.450827 6.435163 -2.103110
v 0.438214 6.467079 -2.049777
v 0.481761 6.467079 -2.083104
v 0.520283 6.478761 -2.046810
v 0.476029 6.478761 -2.013556
v 0.513425 6.478761 -1.976504
v 0.397538 6.010382 -2.071749
v 0.439604 6.010382 -2.105083
v 0.439594 6.391566 -2.104983
v 0.397416 6.391566 -2.071759
v 0.404472 5.982556 -2.070541
v 0.446798 5.982556 -2.104137
v 0.422305 5.962186 -2.057044
v 0.465168 5.962186 -2.091024
v 0.443750 5.954730 -2.024473
v 0.487027 5.954730 -2.058654
v 0.479971 5.954730 -1.987650
v -0.280249 6.391566 -1.312081
v -0.233793 6.391566 -1.347799
v -0.291565 6.435163 -1.313255
v -0.244691 6.435163 -1.349127
v -0.323092 6.467079 -1.333623
v -0.275418 6.467079 -1.369720
v -0.359475 6.478761 -1.374043
v -0.311195 6.478761 -1.410151
v -0.351918 6.478761 -1.450443
v -0.233739 6.010382 -1.347795
v -0.280244 6.010382 -1.312132
v -0.240428 5.982556 -1.348621
v -0.287465 5.982556 -1.312896
v -0.258978 5.962186 -1.363431
v -0.307047 5.962186 -1.327615
v -0.284124 5.954730 -1.384004
v -0.333039 5.954730 -1.348239
v -0.325791 5.954730 -1.424236
vt 0.169504 0.871029
vt 0.219672 0.870690
vt 0.215829 0.301526
vt 0.165661 0.301864
vt 0.165426 0.267068
vt 0.215594 0.266730
vt 0.215492 0.251557
vt 0.165324 0.251895
vt 0.162877 0.777975
vt 0.128883 0.778204
vt 0.128824 0.769416
vt 0.162818 0.769186
vt 0.128754 0.759092
vt 0.162748 0.758863
vt 0.128677 0.747630
vt 0.162671 0.747401
vt 0.128595 0.735470
vt 0.162589 0.735241
vt 0.124786 0.171332
vt 0.158780 0.171103
vt 0.124704 0.159187
vt 0.158698 0.158958
vt 0.124626 0.147754
vt 0.158621 0.147525
vt 0.124557 0.137473
vt 0.158551 0.137243
vt 0.066674 0.239023
vt 0.116843 0.238684
vt 0.116930 0.251654
vt 0.066762 0.251993
vt 0.117033 0.266890
vt 0.066865 0.267229
vt 0.117147 0.283805
vt 0.066979 0.284144
vt 0.117268 0.301751
vt 0.067100 0.302090
vt 0.121111 0.870915
vt 0.070943 0.871254
vt 0.121232 0.888839
vt 0.071064 0.889178
vt 0.121346 0.905712
vt 0.071178 0.906050
vt 0.121449 0.920884
vt 0.071281 0.921223
vt 0.140282 0.956645
vt 0.140472 0.984911
vt 0.147780 0.984862
vt 0.147589 0.956596
vt 0.156364 0.984804
vt 0.156173 0.956538
vt 0.165895 0.984739
vt 0.165704 0.956473
vt 0.176006 0.984671
vt 0.175815 0.956405
vt 0.169031 0.601476
vt 0.135737 0.602281
vt 0.503644 0.958867
vt 0.505588 0.932364
vt 0.644895 0.953238
vt 0.645086 0.981504
vt 0.655185 0.981436
vt 0.654994 0.953170
vt 0.664691 0.981371
vt 0.664500 0.953105
vt 0.673240 0.981314
vt 0.673049 0.953048
vt 0.169930 0.934095
vt 0.220098 0.933757
vt 0.220011 0.920787
vt 0.169842 0.921126
vt 0.219908 0.905551
vt 0.169740 0.905890
vt 0.219793 0.888636
vt 0.169625 0.888974
vt 0.215708 0.283602
vt 0.165540 0.283941
vt 0.225409 0.870503
vt 0.221568 0.301641
vt 0.229607 0.870067
vt 0.225772 0.302033
vt 0.862924 0.390341
vt 0.862972 0.869527
vt 0.858131 0.869058
vt 0.858084 0.390825
vt 0.221449 0.284016
vt 0.863463 0.375118
vt 0.866468 0.389986
vt 0.860059 0.376162
vt 0.855409 0.377588
vt 0.221337 0.267423
vt 0.857614 0.361120
vt 0.854479 0.362808
vt 0.850197 0.365114
vt 0.221237 0.252502
vt 0.849147 0.348533
vt 0.846402 0.350800
vt 0.842652 0.353897
vt 0.124990 0.777423
vt 0.124931 0.768781
vt 0.838387 0.337839
vt 0.836137 0.340598
vt 0.833063 0.344367
vt 0.124863 0.758628
vt 0.825748 0.329449
vt 0.824079 0.332595
vt 0.821799 0.336891
vt 0.124787 0.747356
vt 0.811714 0.323687
vt 0.810691 0.327097
vt 0.809294 0.331756
vt 0.124706 0.735395
vt 0.796824 0.320773
vt 0.796481 0.324316
vt 0.796012 0.329157
vt 0.120898 0.171463
vt 0.121858 0.735139
vt 0.118054 0.171767
vt 0.095109 0.324364
vt 0.095593 0.329204
vt 0.120818 0.159520
vt 0.079887 0.323825
vt 0.094754 0.320820
vt 0.080931 0.327229
vt 0.082357 0.331879
vt 0.120742 0.148277
vt 0.065889 0.329674
vt 0.067577 0.332809
vt 0.069883 0.337091
vt 0.120674 0.138166
vt 0.053301 0.338141
vt 0.055569 0.340886
vt 0.058666 0.344637
vt 0.122589 0.239837
vt 0.122675 0.252592
vt 0.042607 0.348901
vt 0.045367 0.351151
vt 0.049136 0.354225
vt 0.122776 0.267575
vt 0.034218 0.361540
vt 0.037363 0.363209
vt 0.041660 0.365489
vt 0.122888 0.284211
vt 0.028456 0.375574
vt 0.031866 0.376597
vt 0.036525 0.377995
vt 0.123007 0.301861
vt 0.025541 0.390464
vt 0.029085 0.390807
vt 0.033925 0.391276
vt 0.126848 0.870723
vt 0.025589 0.870348
vt 0.029132 0.869993
vt 0.033973 0.869509
vt 0.126967 0.888347
vt 0.028594 0.885216
vt 0.031998 0.884172
vt 0.036648 0.882745
vt 0.127079 0.904940
vt 0.034442 0.899213
vt 0.037577 0.897525
vt 0.041860 0.895219
vt 0.127180 0.919862
vt 0.042909 0.911801
vt 0.045655 0.909534
vt 0.049405 0.906437
vt 0.141165 0.988139
vt 0.148352 0.988091
vt 0.053669 0.922495
vt 0.055920 0.919736
vt 0.058994 0.915967
vt 0.156794 0.988034
vt 0.066309 0.930884
vt 0.067978 0.927739
vt 0.070257 0.923443
vt 0.166167 0.987971
vt 0.080342 0.936647
vt 0.081365 0.933236
vt 0.082763 0.928578
vt 0.176112 0.987903
vt 0.095232 0.939561
vt 0.095576 0.936018
vt 0.096045 0.931177
vt 0.160602 0.440905
vt 0.126607 0.441118
vt 0.124786 0.171332
vt 0.158780 0.171103
vt 0.095109 0.324364
vt 0.430457 0.324341
vt 0.430899 0.329181
vt 0.095593 0.329204
vt 0.858084 0.390825
vt 0.858131 0.869058
vt 0.855532 0.882339
vt 0.850397 0.894845
vt 0.842921 0.906109
vt 0.833391 0.915697
vt 0.822174 0.923242
vt 0.809700 0.928454
vt 0.796463 0.931130
vt 0.096045 0.931177
vt 0.082763 0.928578
vt 0.070257 0.923443
vt 0.058994 0.915967
vt 0.049405 0.906437
vt 0.041860 0.895219
vt 0.036648 0.882745
vt 0.033973 0.869509
vt 0.033925 0.391276
vt 0.036525 0.377995
vt 0.041660 0.365489
vt 0.049136 0.354225
vt 0.058666 0.344637
vt 0.069883 0.337091
vt 0.082357 0.331879
vt 0.464159 0.329179
vt 0.615346 0.329169
vt 0.625200 0.329168
vt 0.796012 0.329157
vt 0.809294 0.331756
vt 0.821799 0.336891
vt 0.833063 0.344367
vt 0.842652 0.353897
vt 0.850197 0.365114
vt 0.855409 0.377588
vt 0.645021 0.984737
vt 0.654951 0.984670
vt 0.812170 0.936508
vt 0.797302 0.939513
vt 0.796948 0.935970
vt 0.811126 0.933104
vt 0.796463 0.931130
vt 0.809700 0.928454
vt 0.664300 0.984607
vt 0.826168 0.930660
vt 0.824480 0.927525
vt 0.822174 0.923242
vt 0.672707 0.984550
vt 0.838755 0.922193
vt 0.836488 0.919448
vt 0.833391 0.915697
vt 0.225828 0.932527
vt 0.225742 0.919772
vt 0.849449 0.911433
vt 0.846690 0.909183
vt 0.842921 0.906109
vt 0.225641 0.904788
vt 0.857839 0.898793
vt 0.854693 0.897125
vt 0.850397 0.894845
vt 0.225528 0.888153
vt 0.863601 0.884760
vt 0.860191 0.883737
vt 0.855532 0.882339
vt 0.866515 0.869870
vt 0.161262 0.171153
vt 0.163083 0.440835
vt 0.162000 0.301987
vt 0.165841 0.870959
vt 0.866984 0.869916
vt 0.866937 0.389939
vt 0.864675 0.390165
vt 0.864723 0.869696
vt 0.861586 0.390475
vt 0.861633 0.869397
vt 0.161880 0.284255
vt 0.863913 0.374980
vt 0.861741 0.375646
vt 0.858773 0.376556
vt 0.161767 0.267561
vt 0.858029 0.360897
vt 0.856028 0.361974
vt 0.853295 0.363446
vt 0.161666 0.252548
vt 0.849511 0.348232
vt 0.847759 0.349680
vt 0.845365 0.351656
vt 0.165297 0.768747
vt 0.165355 0.777443
vt 0.838685 0.337473
vt 0.837249 0.339234
vt 0.835287 0.341640
vt 0.165228 0.758533
vt 0.825969 0.329033
vt 0.824903 0.331040
vt 0.823449 0.333783
vt 0.165151 0.747192
vt 0.811850 0.323236
vt 0.811197 0.325412
vt 0.810305 0.328386
vt 0.165070 0.735160
vt 0.796870 0.320304
vt 0.796651 0.322565
vt 0.796351 0.325655
vt 0.161262 0.171153
vt 0.094707 0.320351
vt 0.094934 0.322613
vt 0.095243 0.325702
vt 0.161181 0.159137
vt 0.079748 0.323375
vt 0.080415 0.325547
vt 0.081325 0.328515
vt 0.161104 0.147825
vt 0.065665 0.329259
vt 0.066743 0.331260
vt 0.068215 0.333993
vt 0.161036 0.137652
vt 0.053001 0.337777
vt 0.054448 0.339530
vt 0.056425 0.341923
vt 0.063104 0.252641
vt 0.063017 0.239808
vt 0.042242 0.348603
vt 0.044003 0.350039
vt 0.046409 0.352001
vt 0.063206 0.267715
vt 0.033801 0.361319
vt 0.035809 0.362385
vt 0.038551 0.363840
vt 0.063319 0.284452
vt 0.028004 0.375438
vt 0.030181 0.376091
vt 0.033154 0.376983
vt 0.063439 0.302209
vt 0.025072 0.390418
vt 0.027334 0.390637
vt 0.030423 0.390937
vt 0.067280 0.871181
vt 0.064598 0.870930
vt 0.060759 0.302487
vt 0.027381 0.870168
vt 0.030471 0.869859
vt 0.067400 0.888913
vt 0.025120 0.870395
vt 0.028143 0.885354
vt 0.030316 0.884688
vt 0.033284 0.883777
vt 0.067513 0.905607
vt 0.034027 0.899437
vt 0.036028 0.898359
vt 0.038762 0.896888
vt 0.067614 0.920620
vt 0.042546 0.912101
vt 0.044298 0.910654
vt 0.046692 0.908677
vt 0.147926 0.954530
vt 0.140696 0.954579
vt 0.053371 0.922861
vt 0.054808 0.921099
vt 0.056770 0.918694
vt 0.156420 0.954472
vt 0.066088 0.931301
vt 0.067153 0.929293
vt 0.068608 0.926551
vt 0.165850 0.954409
vt 0.080207 0.937098
vt 0.080860 0.934922
vt 0.081752 0.931948
vt 0.175855 0.954341
vt 0.095187 0.940030
vt 0.095406 0.937768
vt 0.095705 0.934679
vt 0.621339 0.332676
vt 0.621780 0.903286
vt 0.621230 0.334350
vt 0.621667 0.902949
vt 0.621083 0.336524
vt 0.621512 0.902524
vt 0.654817 0.951107
vt 0.644826 0.951175
vt 0.797349 0.939983
vt 0.812308 0.936959
vt 0.811642 0.934787
vt 0.797123 0.937721
vt 0.810732 0.931819
vt 0.796814 0.934632
vt 0.664223 0.951044
vt 0.826391 0.931075
vt 0.825314 0.929074
vt 0.823842 0.926341
vt 0.672681 0.950987
vt 0.839056 0.922556
vt 0.837609 0.920804
vt 0.835632 0.918411
vt 0.166176 0.920527
vt 0.166263 0.933360
vt 0.849815 0.911731
vt 0.848054 0.910295
vt 0.845648 0.908333
vt 0.166074 0.905453
vt 0.858255 0.899014
vt 0.856248 0.897949
vt 0.853505 0.896494
vt 0.165961 0.888716
vt 0.864053 0.884895
vt 0.861876 0.884242
vt 0.858903 0.883350
vt 0.169504 0.871029
vt 0.219672 0.870690
vt 0.215829 0.301526
vt 0.165661 0.301864
vt 0.165426 0.267068
vt 0.215594 0.266730
vt 0.215492 0.251557
vt 0.165324 0.251895
vt 0.162877 0.777975
vt 0.128883 0.778204
vt 0.128824 0.769416
vt 0.162818 0.769186
vt 0.128754 0.759092
vt 0.162748 0.758863
vt 0.128677 0.747630
vt 0.162671 0.747401
vt 0.128595 0.735470
vt 0.162589 0.735241
vt 0.120898 0.171463
vt 0.122719 0.441054
vt 0.119873 0.441132
vt 0.118054 0.171767
vt 0.124704 0.159187
vt 0.158698 0.158958
vt 0.124626 0.147754
vt 0.158621 0.147525
vt 0.124557 0.137473
vt 0.158551 0.137243
vt 0.066674 0.239023
vt 0.116843 0.238684
vt 0.116930 0.251654
vt 0.066762 0.251993
vt 0.117033 0.266890
vt 0.066865 0.267229
vt 0.117147 0.283805
vt 0.066979 0.284144
vt 0.117268 0.301751
vt 0.067100 0.302090
vt 0.121111 0.870915
vt 0.070943 0.871254
vt 0.121232 0.888839
vt 0.071064 0.889178
vt 0.121346 0.905712
vt 0.071178 0.906050
vt 0.121449 0.920884
vt 0.071281 0.921223
vt 0.140282 0.956645
vt 0.140472 0.984911
vt 0.147780 0.984862
vt 0.147589 0.956596
vt 0.156364 0.984804
vt 0.156173 0.956538
vt 0.165895 0.984739
vt 0.165704 0.956473
vt 0.176006 0.984671
vt 0.175815 0.956405
vt 0.645086 0.981504
vt 0.644895 0.953238
vt 0.655185 0.981436
vt 0.654994 0.953170
vt 0.664691 0.981371
vt 0.664500 0.953105
vt 0.673240 0.981314
vt 0.673049 0.953048
vt 0.169930 0.934095
vt 0.220098 0.933757
vt 0.220011 0.920787
vt 0.169842 0.921126
vt 0.219908 0.905551
vt 0.169740 0.905890
vt 0.219793 0.888636
vt 0.169625 0.888974
vt 0.215708 0.283602
vt 0.165540 0.283941
vt 0.225409 0.870503
vt 0.221568 0.301641
vt 0.229607 0.870067
vt 0.225772 0.302033
vt 0.862924 0.390341
vt 0.862972 0.869527
vt 0.221449 0.284016
vt 0.863463 0.375118
vt 0.866468 0.389986
vt 0.860059 0.376162
vt 0.221337 0.267423
vt 0.857614 0.361120
vt 0.854479 0.362808
vt 0.221237 0.252502
vt 0.849147 0.348533
vt 0.846402 0.350800
vt 0.124990 0.777423
vt 0.124931 0.768781
vt 0.838387 0.337839
vt 0.836137 0.340598
vt 0.124863 0.758628
vt 0.825748 0.329449
vt 0.824079 0.332595
vt 0.124787 0.747356
vt 0.811714 0.323687
vt 0.810691 0.327097
vt 0.124706 0.735395
vt 0.796824 0.320773
vt 0.796481 0.324316
vt 0.796870 0.320304
vt 0.625995 0.320315
vt 0.625845 0.322577
vt 0.796651 0.322565
vt 0.537296 0.982232
vt 0.537312 0.985465
vt 0.537131 0.953965
vt 0.537179 0.951901
vt 0.120818 0.159520
vt 0.079887 0.323825
vt 0.094754 0.320820
vt 0.080931 0.327229
vt 0.120742 0.148277
vt 0.065889 0.329674
vt 0.067577 0.332809
vt 0.120674 0.138166
vt 0.053301 0.338141
vt 0.055569 0.340886
vt 0.122589 0.239837
vt 0.122675 0.252592
vt 0.042607 0.348901
vt 0.045367 0.351151
vt 0.122776 0.267575
vt 0.034218 0.361540
vt 0.037363 0.363209
vt 0.122888 0.284211
vt 0.028456 0.375574
vt 0.031866 0.376597
vt 0.123007 0.301861
vt 0.025541 0.390464
vt 0.029085 0.390807
vt 0.126848 0.870723
vt 0.025589 0.870348
vt 0.029132 0.869993
vt 0.126967 0.888347
vt 0.028594 0.885216
vt 0.031998 0.884172
vt 0.127079 0.904940
vt 0.034442 0.899213
vt 0.037577 0.897525
vt 0.127180 0.919862
vt 0.042909 0.911801
vt 0.045655 0.909534
vt 0.141165 0.988139
vt 0.148352 0.988091
vt 0.053669 0.922495
vt 0.055920 0.919736
vt 0.156794 0.988034
vt 0.066309 0.930884
vt 0.067978 0.927739
vt 0.166167 0.987971
vt 0.080342 0.936647
vt 0.081365 0.933236
vt 0.176112 0.987903
vt 0.095232 0.939561
vt 0.095576 0.936018
vt 0.645021 0.984737
vt 0.176357 0.990268
vt 0.644800 0.987106
vt 0.796948 0.935970
vt 0.654951 0.984670
vt 0.812170 0.936508
vt 0.797302 0.939513
vt 0.811126 0.933104
vt 0.664300 0.984607
vt 0.826168 0.930660
vt 0.824480 0.927525
vt 0.672707 0.984550
vt 0.838755 0.922193
vt 0.836488 0.919448
vt 0.225828 0.932527
vt 0.225742 0.919772
vt 0.849449 0.911433
vt 0.846690 0.909183
vt 0.225641 0.904788
vt 0.857839 0.898793
vt 0.854693 0.897125
vt 0.225528 0.888153
vt 0.863601 0.884760
vt 0.860191 0.883737
vt 0.866515 0.869870
vt 0.162000 0.301987
vt 0.165841 0.870959
vt 0.866984 0.869916
vt 0.866937 0.389939
vt 0.864675 0.390165
vt 0.864723 0.869696
vt 0.861586 0.390475
vt 0.861633 0.869397
vt 0.161880 0.284255
vt 0.863913 0.374980
vt 0.861741 0.375646
vt 0.858773 0.376556
vt 0.161767 0.267561
vt 0.858029 0.360897
vt 0.856028 0.361974
vt 0.853295 0.363446
vt 0.161666 0.252548
vt 0.849511 0.348232
vt 0.847759 0.349680
vt 0.845365 0.351656
vt 0.165297 0.768747
vt 0.165355 0.777443
vt 0.838685 0.337473
vt 0.837249 0.339234
vt 0.835287 0.341640
vt 0.165228 0.758533
vt 0.825969 0.329033
vt 0.824903 0.331040
vt 0.823449 0.333783
vt 0.165151 0.747192
vt 0.811850 0.323236
vt 0.811197 0.325412
vt 0.810305 0.328386
vt 0.165070 0.735160
vt 0.796351 0.325655
vt 0.445820 0.361268
vt 0.446239 0.902214
vt 0.394965 0.923899
vt 0.177349 0.486655
vt 0.445822 0.361859
vt 0.446237 0.901602
vt 0.445825 0.362463
vt 0.446234 0.900994
vt 0.161181 0.159137
vt 0.094707 0.320351
vt 0.079748 0.323375
vt 0.080415 0.325547
vt 0.094934 0.322613
vt 0.081325 0.328515
vt 0.095243 0.325702
vt 0.161104 0.147825
vt 0.065665 0.329259
vt 0.066743 0.331260
vt 0.068215 0.333993
vt 0.161036 0.137652
vt 0.053001 0.337777
vt 0.054448 0.339530
vt 0.056425 0.341923
vt 0.063104 0.252641
vt 0.063017 0.239808
vt 0.042242 0.348603
vt 0.044003 0.350039
vt 0.046409 0.352001
vt 0.063206 0.267715
vt 0.033801 0.361319
vt 0.035809 0.362385
vt 0.038551 0.363840
vt 0.063319 0.284452
vt 0.028004 0.375438
vt 0.030181 0.376091
vt 0.033154 0.376983
vt 0.063439 0.302209
vt 0.025072 0.390418
vt 0.027334 0.390637
vt 0.030423 0.390937
vt 0.067280 0.871181
vt 0.064598 0.870930
vt 0.060759 0.302487
vt 0.027381 0.870168
vt 0.030471 0.869859
vt 0.067400 0.888913
vt 0.025120 0.870395
vt 0.028143 0.885354
vt 0.030316 0.884688
vt 0.033284 0.883777
vt 0.067513 0.905607
vt 0.034027 0.899437
vt 0.036028 0.898359
vt 0.038762 0.896888
vt 0.067614 0.920620
vt 0.042546 0.912101
vt 0.044298 0.910654
vt 0.046692 0.908677
vt 0.147926 0.954530
vt 0.140696 0.954579
vt 0.053371 0.922861
vt 0.054808 0.921099
vt 0.056770 0.918694
vt 0.156420 0.954472
vt 0.066088 0.931301
vt 0.067153 0.929293
vt 0.068608 0.926551
vt 0.165850 0.954409
vt 0.080207 0.937098
vt 0.080860 0.934922
vt 0.081752 0.931948
vt 0.175855 0.954341
vt 0.095187 0.940030
vt 0.095406 0.937768
vt 0.095705 0.934679
vt 0.644826 0.951175
vt 0.797349 0.939983
vt 0.797123 0.937721
vt 0.796814 0.934632
vt 0.654817 0.951107
vt 0.812308 0.936959
vt 0.811642 0.934787
vt 0.810732 0.931819
vt 0.664223 0.951044
vt 0.826391 0.931075
vt 0.825314 0.929074
vt 0.823842 0.926341
vt 0.672681 0.950987
vt 0.839056 0.922556
vt 0.837609 0.920804
vt 0.835632 0.918411
vt 0.166176 0.920527
vt 0.166263 0.933360
vt 0.849815 0.911731
vt 0.848054 0.910295
vt 0.845648 0.908333
vt 0.166074 0.905453
vt 0.858255 0.899014
vt 0.856248 0.897949
vt 0.853505 0.896494
vt 0.165961 0.888716
vt 0.864053 0.884895
vt 0.861876 0.884242
vt 0.858903 0.883350
vt 0.537007 0.987833
vt 0.644800 0.987106
vt 0.445827 0.362234
vt 0.139742 0.482713
vt 0.427979 0.908958
vt 0.446231 0.900729
vt 0.137578 0.485908
vt 0.141503 0.488059
vt 0.393266 0.954282
vt 0.394295 0.958699
vt 0.393059 0.950456
vt 0.145612 0.488711
vt 0.635555 0.935981
vt 0.634580 0.931140
vt 0.635966 0.937732
vt 0.635136 0.934643
vt 0.625501 0.325666
vt 0.615943 0.325667
vt 0.462734 0.325677
vt 0.430725 0.325679
vt 0.430527 0.322590
vt 0.430449 0.320328
vt 0.131743 0.602146
vt 0.503915 0.962414
vt 0.128420 0.601566
vt 0.505149 0.966087
vt 0.620915 0.339221
vt 0.621336 0.900784
vt 0.593861 0.917049
vt 0.130155 0.600607
vt 0.463135 0.931152
vt 0.604477 0.931143
vt 0.123779 0.598138
vt 0.121858 0.735139
vt 0.120931 0.597932
vt 0.432524 0.934656
vt 0.461836 0.934654
vt 0.605960 0.934645
vt 0.432335 0.937746
vt 0.432258 0.940007
vt 0.401227 0.983150
vt 0.401191 0.986384
vt 0.176357 0.990268
vt 0.401278 0.988750
vt 0.432337 0.935995
vt 0.432708 0.931154
vt 0.161662 0.597925
vt 0.164143 0.597906
vt 0.127667 0.598147
vt 0.636176 0.939993
vt 0.625664 0.324328
vt 0.401041 0.954884
vt 0.400983 0.952821
vt 0.616684 0.324344
vt 0.617815 0.327750
vt 0.620907 0.329169
vt 0.161637 0.594206
vt 0.163818 0.594164
vt 0.620954 0.328185
vt 0.621138 0.324328
vt 0.446893 0.967988
vt 0.455205 0.939178
vt 0.610751 0.935563
vt 0.621736 0.961467
vt 0.446268 0.940006
vt 0.410697 0.954680
vt 0.527625 0.954030
vt 0.619313 0.940366
vt 0.445798 0.326420
vt 0.445803 0.329180
vt 0.445757 0.279409
vt 0.162175 0.453162
vt 0.160684 0.453172
vt 0.445795 0.324340
vn 0.1326 0.0000 -0.9912
vn 0.6568 0.0000 -0.7540
vn 0.7913 0.0000 -0.6114
vn 0.8954 0.0000 -0.4453
vn 0.9651 0.0000 -0.2620
vn 0.9976 0.0000 -0.0687
vn 0.9953 0.0000 0.0971
vn 0.9480 0.0000 0.3183
vn 0.8677 0.0000 0.4971
vn 0.7540 0.0000 0.6569
vn 0.6114 0.0000 0.7913
vn 0.4453 0.0000 0.8954
vn 0.2620 0.0000 0.9651
vn 0.0687 0.0000 0.9976
vn -0.1326 0.0000 0.9912
vn -0.3183 0.0000 0.9480
vn -0.4971 0.0000 0.8677
vn -0.6569 0.0000 0.7540
vn -0.7913 0.0000 0.6114
vn -0.8954 0.0000 0.4453
vn -0.9651 0.0000 0.2620
vn -0.9976 0.0000 0.0687
vn 0.1240 0.0000 -0.9923
vn -0.9480 0.0000 -0.3183
vn -0.8677 0.0000 -0.4971
vn -0.7540 0.0000 -0.6569
vn -0.6114 0.0000 -0.7913
vn -0.4453 0.0000 -0.8954
vn -0.2620 0.0000 -0.9651
vn 0.3183 0.0000 -0.9480
vn 0.4971 0.0000 -0.8677
vn -0.0687 0.0000 -0.9976
vn 0.1283 0.2526 -0.9590
vn 0.0950 0.6979 -0.7099
vn 0.0352 0.9642 -0.2628
vn 0.3080 0.2526 -0.9172
vn 0.2280 0.6979 -0.6790
vn 0.0844 0.9642 -0.2514
vn 0.4810 0.2526 -0.8395
vn 0.3560 0.6979 -0.6214
vn 0.1318 0.9642 -0.2300
vn 0.6355 0.2526 -0.7296
vn 0.4704 0.6979 -0.5400
vn 0.1742 0.9642 -0.1999
vn 0.7657 0.2526 -0.5916
vn 0.5668 0.6979 -0.4379
vn 0.2098 0.9642 -0.1621
vn 0.8664 0.2526 -0.4308
vn 0.6413 0.6979 -0.3189
vn 0.2374 0.9642 -0.1181
vn 0.9338 0.2526 -0.2535
vn 0.6912 0.6979 -0.1877
vn 0.2559 0.9642 -0.0695
vn 0.9653 0.2526 -0.0665
vn 0.7145 0.6979 -0.0492
vn 0.2645 0.9642 -0.0182
vn 0.9630 0.2525 0.0939
vn 0.7130 0.6977 0.0695
vn 0.2640 0.9642 0.0257
vn 0.9172 0.2526 0.3080
vn 0.6790 0.6979 0.2280
vn 0.2514 0.9642 0.0844
vn 0.8395 0.2526 0.4810
vn 0.6214 0.6979 0.3560
vn 0.2301 0.9642 0.1318
vn 0.7296 0.2526 0.6355
vn 0.5400 0.6979 0.4704
vn 0.1999 0.9642 0.1742
vn 0.5916 0.2526 0.7657
vn 0.4379 0.6979 0.5668
vn 0.1621 0.9642 0.2098
vn 0.4308 0.2526 0.8664
vn 0.3189 0.6979 0.6413
vn 0.1181 0.9642 0.2374
vn 0.2535 0.2526 0.9338
vn 0.1877 0.6979 0.6912
vn 0.0695 0.9642 0.2559
vn 0.0665 0.2526 0.9653
vn 0.0492 0.6979 0.7145
vn 0.0182 0.9642 0.2645
vn -0.1283 0.2526 0.9590
vn -0.0950 0.6979 0.7099
vn -0.0352 0.9642 0.2628
vn -0.3080 0.2526 0.9172
vn -0.2280 0.6979 0.6790
vn -0.0844 0.9642 0.2513
vn -0.4810 0.2526 0.8395
vn -0.3560 0.6979 0.6214
vn -0.1318 0.9642 0.2300
vn -0.6355 0.2526 0.7296
vn -0.4704 0.6979 0.5400
vn -0.1742 0.9642 0.1999
vn -0.7657 0.2526 0.5916
vn -0.5668 0.6979 0.4379
vn -0.2098 0.9642 0.1621
vn -0.8664 0.2526 0.4308
vn -0.6413 0.6979 0.3189
vn -0.2374 0.9642 0.1180
vn -0.9338 0.2526 0.2535
vn -0.6912 0.6979 0.1877
vn -0.2559 0.9642 0.0695
vn -0.9653 0.2526 0.0665
vn -0.7145 0.6979 0.0492
vn -0.2645 0.9642 0.0182
vn 0.9960 0.0000 0.0894
vn 0.2726 0.9618 0.0241
vn 0.0000 1.0000 0.0000
vn -0.9172 0.2526 -0.3080
vn -0.6790 0.6979 -0.2280
vn -0.2514 0.9642 -0.0844
vn -0.8395 0.2526 -0.4810
vn -0.6214 0.6979 -0.3561
vn -0.2301 0.9642 -0.1318
vn -0.7296 0.2526 -0.6356
vn -0.5400 0.6979 -0.4704
vn -0.1999 0.9642 -0.1742
vn -0.5916 0.2526 -0.7657
vn -0.4379 0.6979 -0.5668
vn -0.1621 0.9642 -0.2098
vn -0.4308 0.2526 -0.8664
vn -0.3189 0.6979 -0.6413
vn -0.1181 0.9642 -0.2374
vn -0.2535 0.2526 -0.9338
vn -0.1877 0.6979 -0.6912
vn -0.0695 0.9642 -0.2559
vn -0.0665 0.2526 -0.9653
vn -0.0492 0.6979 -0.7145
vn -0.0182 0.9642 -0.2645
vn 0.9638 -0.2521 0.0865
vn 0.1283 -0.2526 -0.9590
vn 0.0950 -0.6979 -0.7099
vn 0.0352 -0.9642 -0.2628
vn 0.3080 -0.2526 -0.9172
vn 0.2280 -0.6979 -0.6789
vn 0.0844 -0.9642 -0.2513
vn 0.4810 -0.2526 -0.8395
vn 0.3560 -0.6979 -0.6214
vn 0.1318 -0.9642 -0.2301
vn 0.6355 -0.2526 -0.7296
vn 0.4704 -0.6979 -0.5400
vn 0.1742 -0.9642 -0.1999
vn 0.7657 -0.2526 -0.5916
vn 0.5668 -0.6979 -0.4379
vn 0.2098 -0.9642 -0.1621
vn 0.8664 -0.2526 -0.4308
vn 0.6413 -0.6979 -0.3189
vn 0.2374 -0.9642 -0.1180
vn 0.9338 -0.2526 -0.2535
vn 0.6912 -0.6979 -0.1877
vn 0.2559 -0.9642 -0.0695
vn 0.9653 -0.2526 -0.0665
vn 0.7145 -0.6979 -0.0492
vn 0.2645 -0.9642 -0.0182
vn 0.9630 -0.2525 0.0939
vn 0.7130 -0.6977 0.0695
vn 0.2640 -0.9642 0.0257
vn 0.9172 -0.2526 0.3080
vn 0.6790 -0.6979 0.2280
vn 0.2513 -0.9642 0.0844
vn 0.8395 -0.2526 0.4810
vn 0.6214 -0.6979 0.3560
vn 0.2300 -0.9642 0.1318
vn 0.7296 -0.2526 0.6355
vn 0.5400 -0.6979 0.4704
vn 0.1999 -0.9642 0.1741
vn 0.5916 -0.2526 0.7657
vn 0.4379 -0.6979 0.5668
vn 0.1621 -0.9642 0.2098
vn 0.4308 -0.2526 0.8664
vn 0.3189 -0.6979 0.6413
vn 0.1181 -0.9642 0.2374
vn 0.2535 -0.2526 0.9338
vn 0.1877 -0.6979 0.6912
vn 0.0695 -0.9642 0.2559
vn 0.0665 -0.2526 0.9653
vn 0.0492 -0.6979 0.7145
vn 0.0182 -0.9642 0.2645
vn -0.1283 -0.2526 0.9590
vn -0.0950 -0.6979 0.7099
vn -0.0352 -0.9642 0.2628
vn -0.3080 -0.2526 0.9172
vn -0.2280 -0.6979 0.6790
vn -0.0844 -0.9642 0.2513
vn -0.4810 -0.2526 0.8395
vn -0.3560 -0.6979 0.6214
vn -0.1318 -0.9642 0.2301
vn -0.6356 -0.2526 0.7296
vn -0.4704 -0.6979 0.5400
vn -0.1742 -0.9642 0.1999
vn -0.7657 -0.2526 0.5916
vn -0.5668 -0.6979 0.4379
vn -0.2098 -0.9642 0.1621
vn -0.8664 -0.2526 0.4308
vn -0.6413 -0.6979 0.3189
vn -0.2374 -0.9642 0.1181
vn -0.9338 -0.2526 0.2535
vn -0.6912 -0.6979 0.1877
vn -0.2559 -0.9642 0.0695
vn -0.9653 -0.2526 0.0665
vn -0.7145 -0.6979 0.0492
vn -0.2645 -0.9642 0.0182
vn 0.1240 -0.0124 -0.9922
vn 0.1086 -0.4819 -0.8695
vn 0.0302 -0.9699 -0.2417
vn -0.9172 -0.2526 -0.3080
vn -0.6790 -0.6979 -0.2280
vn -0.2513 -0.9642 -0.0844
vn -0.8395 -0.2526 -0.4810
vn -0.6214 -0.6979 -0.3560
vn -0.2301 -0.9642 -0.1318
vn -0.7296 -0.2526 -0.6355
vn -0.5400 -0.6979 -0.4704
vn -0.1999 -0.9642 -0.1742
vn -0.5916 -0.2526 -0.7657
vn -0.4379 -0.6979 -0.5667
vn -0.1621 -0.9642 -0.2098
vn -0.4308 -0.2526 -0.8664
vn -0.3189 -0.6979 -0.6413
vn -0.1181 -0.9642 -0.2374
vn -0.2535 -0.2526 -0.9338
vn -0.1877 -0.6979 -0.6912
vn -0.0695 -0.9642 -0.2559
vn -0.0665 -0.2526 -0.9653
vn -0.0492 -0.6979 -0.7145
vn -0.0182 -0.9642 -0.2645
vn 0.7025 0.7089 0.0621
vn -0.9953 0.0000 -0.0971
vn 0.7657 0.2526 -0.5915
vn 0.7101 -0.7001 0.0743
vn -0.9459 0.2531 -0.2029
vn -0.9460 -0.2527 -0.2031
vn -0.0844 0.9642 0.2514
vn -0.1318 0.9642 0.2301
vn -0.2374 0.9642 0.1181
vn -0.9630 0.2526 -0.0939
vn -0.7130 0.6977 -0.0695
vn -0.2640 0.9642 -0.0257
vn -0.6214 0.6979 -0.3560
vn 0.0844 -0.9642 -0.2514
vn 0.7657 -0.2526 -0.5915
vn -0.1017 0.0000 0.9948
vn -0.0875 -0.5218 0.8486
vn -0.0410 -0.9190 0.3922
vn 0.1999 -0.9642 0.1742
vn 0.4379 -0.6979 0.5667
vn -0.2280 -0.6979 0.6789
vn -0.5667 -0.6979 0.4379
vn -0.2374 -0.9642 0.1180
vn -0.9338 -0.2527 0.2535
vn -0.9630 -0.2525 -0.0939
vn -0.7130 -0.6977 -0.0695
vn -0.2640 -0.9642 -0.0257
vn -0.6214 -0.6979 -0.3561
vn -0.6854 0.7158 -0.1337
vn -0.0327 0.9505 0.3089
vn -0.0913 0.4649 0.8806
vn -0.1015 -0.0000 0.9948
vn -0.2565 0.9655 -0.0436
vn -0.9778 0.0000 -0.2094
vn -0.2561 -0.9653 -0.0518
vn 0.0000 -1.0000 -0.0000
vn 0.2620 -0.9648 0.0231
vn 0.7057 -0.7057 0.0629
vn -0.1018 -0.0001 0.9948
vn 0.1240 0.0125 -0.9922
vn 0.1105 0.4535 -0.8844
vn 0.0433 0.9368 -0.3471
vn 0.7220 0.6889 0.0639
vn -0.2662 -0.9637 -0.0214
vn -0.7212 -0.6902 -0.0587
vn -0.9643 0.2529 -0.0790
vn -0.7248 0.6865 -0.0584
vn -0.2558 0.9665 -0.0207
vn 0.9624 -0.2530 0.0992
vn 0.2557 -0.9663 0.0303
vn 0.9624 0.2530 0.0992
vn -0.6930 -0.7061 -0.1457
vn 0.2609 0.9651 0.0216
vn -0.9643 -0.2529 -0.0790
vn 0.7511 0.0000 -0.6602
vn 0.7394 -0.1772 -0.6496
vn 0.5174 -0.7247 -0.4551
vn 0.1340 -0.9840 -0.1175
vn 0.1659 0.9751 -0.1474
vn 0.5356 0.6986 -0.4745
vn 0.7383 0.1780 -0.6505
vn 0.9947 -0.0000 0.1026
vn -0.1768 -0.9697 0.1688
vn -0.5070 -0.7168 0.4787
vn -0.7213 -0.1577 0.6744
vn -0.1505 0.9785 0.1413
vn -0.5264 0.6920 0.4939
vn -0.7218 0.1607 0.6732
vn -0.7317 0.0000 0.6816
vn -0.6058 0.1859 -0.7736
vn -0.4148 0.7342 -0.5375
vn -0.1326 0.9756 -0.1748
vn -0.1168 -0.9821 -0.1476
vn -0.4256 -0.7287 -0.5365
vn -0.6107 -0.1848 -0.7700
vn -0.6199 -0.0000 -0.7847
vn -0.9967 -0.0000 -0.0817
vn 0.1357 -0.9735 0.1839
vn 0.3960 -0.7523 0.5265
vn 0.5977 -0.1718 0.7831
vn 0.1271 0.9774 0.1690
vn 0.4072 0.7403 0.5349
vn 0.5992 0.1751 0.7812
vn 0.6090 -0.0000 0.7931
vn 0.9638 0.2521 0.0864
usemtl マテリアル.008
s off
f 386/345/227 258/346/227 262/347/227 389/348/227
f 397/349/228 270/350/228 274/351/228 401/352/228
f 401/353/229 274/354/229 278/355/229 405/356/229
f 405/356/230 278/355/230 282/357/230 409/358/230
f 409/358/231 282/357/231 286/359/231 413/360/231
f 413/360/232 286/359/232 290/361/232 417/362/232
f 417/362/233 290/361/233 294/363/233 421/364/233
f 421/364/234 294/363/234 298/365/234 425/366/234
f 425/366/235 298/365/235 302/367/235 429/368/235
f 429/368/236 302/367/236 306/369/236 433/370/236
f 433/371/237 306/372/237 310/373/237 437/374/237
f 437/374/238 310/373/238 314/375/238 441/376/238
f 441/376/239 314/375/239 318/377/239 445/378/239
f 445/378/240 318/377/240 322/379/240 449/380/240
f 449/380/241 322/379/241 326/381/241 453/382/241
f 453/382/242 326/381/242 330/383/242 457/384/242
f 457/384/243 330/383/243 334/385/243 461/386/243
f 461/386/244 334/385/244 338/387/244 465/388/244
f 465/389/245 338/390/245 342/391/245 469/392/245
f 469/392/246 342/391/246 346/393/246 473/394/246
f 473/394/247 346/393/247 350/395/247 477/396/247
f 477/396/248 350/395/248 354/397/248 481/398/248
f 785/399/249 770/400/249 815/401/249 812/402/249
f 485/403/250 358/404/250 362/405/250 489/406/250
f 489/406/251 362/405/251 366/407/251 493/408/251
f 493/408/252 366/407/252 370/409/252 497/410/252
f 497/411/253 370/412/253 374/413/253 501/414/253
f 501/414/254 374/413/254 378/415/254 505/416/254
f 505/416/255 378/415/255 382/417/255 509/418/255
f 389/348/256 262/347/256 266/419/256 393/420/256
f 393/420/257 266/419/257 270/350/257 397/349/257
f 509/418/258 382/417/258 258/346/258 386/345/258
f 262/347/259 258/346/259 260/421/259 264/422/259
f 264/422/260 260/421/260 259/423/260 263/424/260
f 263/425/261 259/426/261 257/427/261 261/428/261
f 266/419/262 262/347/262 264/422/262 268/429/262
f 268/430/263 264/431/263 263/425/263 267/432/263
f 267/432/264 263/425/264 261/428/264 265/433/264
f 270/350/265 266/419/265 268/429/265 272/434/265
f 272/435/266 268/430/266 267/432/266 271/436/266
f 271/436/267 267/432/267 265/433/267 269/437/267
f 274/351/268 270/350/268 272/434/268 276/438/268
f 276/439/269 272/435/269 271/436/269 275/440/269
f 275/440/270 271/436/270 269/437/270 273/441/270
f 278/355/271 274/354/271 276/442/271 280/443/271
f 280/444/272 276/439/272 275/440/272 279/445/272
f 279/445/273 275/440/273 273/441/273 277/446/273
f 282/357/274 278/355/274 280/443/274 284/447/274
f 284/448/275 280/444/275 279/445/275 283/449/275
f 283/449/276 279/445/276 277/446/276 281/450/276
f 286/359/277 282/357/277 284/447/277 288/451/277
f 288/452/278 284/448/278 283/449/278 287/453/278
f 287/453/279 283/449/279 281/450/279 285/454/279
f 290/361/280 286/359/280 288/451/280 292/455/280
f 292/456/281 288/452/281 287/453/281 291/457/281
f 291/457/282 287/453/282 285/454/282 289/458/282
f 294/363/283 290/361/283 292/455/283 296/459/283
f 296/459/284 292/455/284 291/460/284 295/461/284
f 295/462/285 291/457/285 289/458/285 293/463/285
f 298/365/286 294/363/286 296/459/286 300/464/286
f 300/465/287 296/466/287 295/462/287 299/467/287
f 299/467/288 295/462/288 293/463/288 297/468/288
f 302/367/289 298/365/289 300/464/289 304/469/289
f 304/470/290 300/465/290 299/467/290 303/471/290
f 303/471/291 299/467/291 297/468/291 301/472/291
f 306/369/292 302/367/292 304/469/292 308/473/292
f 308/474/293 304/470/293 303/471/293 307/475/293
f 307/475/294 303/471/294 301/472/294 305/476/294
f 310/373/295 306/372/295 308/477/295 312/478/295
f 312/479/296 308/474/296 307/475/296 311/480/296
f 311/480/297 307/475/297 305/476/297 309/481/297
f 314/375/298 310/373/298 312/478/298 316/482/298
f 316/483/299 312/479/299 311/480/299 315/484/299
f 315/484/300 311/480/300 309/481/300 313/485/300
f 318/377/301 314/375/301 316/482/301 320/486/301
f 320/487/302 316/483/302 315/484/302 319/488/302
f 319/488/303 315/484/303 313/485/303 317/489/303
f 322/379/304 318/377/304 320/486/304 324/490/304
f 324/491/305 320/487/305 319/488/305 323/492/305
f 323/492/306 319/488/306 317/489/306 321/493/306
f 326/381/307 322/379/307 324/490/307 328/494/307
f 328/495/308 324/491/308 323/492/308 327/496/308
f 327/496/309 323/492/309 321/493/309 325/497/309
f 330/383/310 326/381/310 328/494/310 332/498/310
f 332/499/311 328/495/311 327/496/311 331/500/311
f 331/500/312 327/496/312 325/497/312 329/501/312
f 334/385/313 330/383/313 332/498/313 336/502/313
f 336/503/314 332/499/314 331/500/314 335/504/314
f 335/504/315 331/500/315 329/501/315 333/505/315
f 338/387/316 334/385/316 336/502/316 340/506/316
f 340/507/317 336/503/317 335/504/317 339/508/317
f 339/508/318 335/504/318 333/505/318 337/509/318
f 342/391/319 338/390/319 340/510/319 344/511/319
f 344/512/320 340/507/320 339/508/320 343/513/320
f 343/513/321 339/508/321 337/509/321 341/514/321
f 346/393/322 342/391/322 344/511/322 348/515/322
f 348/516/323 344/512/323 343/513/323 347/517/323
f 347/517/324 343/513/324 341/514/324 345/518/324
f 350/395/325 346/393/325 348/515/325 352/519/325
f 352/520/326 348/516/326 347/517/326 351/521/326
f 351/521/327 347/517/327 345/518/327 349/522/327
f 354/397/328 350/395/328 352/519/328 356/523/328
f 356/524/329 352/520/329 351/521/329 355/525/329
f 355/525/330 351/521/330 349/522/330 353/526/330
f 833/527/331 823/528/331 550/529/331 677/530/331
f 551/531/332 827/532/332 829/533/332 549/534/332
f 517/535/333 513/536/333 637/537/333 633/538/333 629/539/333 625/540/333 621/541/333 617/542/333 613/543/333 609/544/333 605/545/333 601/546/333 597/547/333 593/548/333 589/549/333 585/550/333 581/551/333 577/552/333 573/553/333 569/554/333 565/555/333 561/556/333 557/557/333 553/558/333 549/534/333 829/533/333 831/559/333 784/560/333 783/561/333 545/562/333 541/563/333 537/564/333 533/565/333 529/566/333 525/567/333 521/568/333
f 362/405/334 358/404/334 360/569/334 364/570/334
f 364/571/335 360/572/335 359/573/335 363/574/335
f 363/574/336 359/573/336 357/575/336 361/576/336
f 366/407/337 362/405/337 364/570/337 368/577/337
f 368/578/338 364/571/338 363/574/338 367/579/338
f 367/579/339 363/574/339 361/576/339 365/580/339
f 370/409/340 366/407/340 368/577/340 372/581/340
f 372/582/341 368/578/341 367/579/341 371/583/341
f 371/583/342 367/579/342 365/580/342 369/584/342
f 374/413/343 370/412/343 372/585/343 376/586/343
f 376/587/344 372/582/344 371/583/344 375/588/344
f 375/588/345 371/583/345 369/584/345 373/589/345
f 378/415/346 374/413/346 376/586/346 380/590/346
f 380/591/347 376/587/347 375/588/347 379/592/347
f 379/592/348 375/588/348 373/589/348 377/593/348
f 382/417/349 378/415/349 380/590/349 384/594/349
f 384/595/350 380/591/350 379/592/350 383/596/350
f 383/596/351 379/592/351 377/593/351 381/597/351
f 258/346/352 382/417/352 384/594/352 260/421/352
f 260/598/353 384/595/353 383/596/353 259/426/353
f 259/426/354 383/596/354 381/597/354 257/427/354
f 833/527/355 677/530/355 679/599/355 835/600/355
f 386/345/356 389/348/356 391/601/356 388/602/356
f 388/603/357 391/604/357 392/605/357 387/606/357
f 387/606/358 392/605/358 390/607/358 385/608/358
f 389/348/359 393/420/359 395/609/359 391/601/359
f 391/604/360 395/610/360 396/611/360 392/605/360
f 392/605/361 396/611/361 394/612/361 390/607/361
f 393/420/362 397/349/362 399/613/362 395/609/362
f 395/610/363 399/614/363 400/615/363 396/611/363
f 396/611/364 400/615/364 398/616/364 394/612/364
f 397/349/365 401/352/365 403/617/365 399/613/365
f 399/614/366 403/618/366 404/619/366 400/615/366
f 400/615/367 404/619/367 402/620/367 398/616/367
f 401/353/368 405/356/368 407/621/368 403/622/368
f 403/618/369 407/623/369 408/624/369 404/619/369
f 404/619/370 408/624/370 406/625/370 402/620/370
f 405/356/371 409/358/371 411/626/371 407/621/371
f 407/623/372 411/627/372 412/628/372 408/624/372
f 408/624/373 412/628/373 410/629/373 406/625/373
f 409/358/374 413/360/374 415/630/374 411/626/374
f 411/627/375 415/631/375 416/632/375 412/628/375
f 412/628/376 416/632/376 414/633/376 410/629/376
f 413/360/377 417/362/377 419/634/377 415/630/377
f 415/631/378 419/635/378 420/636/378 416/632/378
f 416/632/379 420/636/379 418/637/379 414/633/379
f 417/362/380 421/364/380 423/638/380 419/634/380
f 419/635/381 423/639/381 424/640/381 420/636/381
f 420/636/382 424/640/382 422/641/382 418/637/382
f 421/364/383 425/366/383 427/642/383 423/638/383
f 423/639/384 427/643/384 428/644/384 424/640/384
f 424/640/385 428/644/385 426/645/385 422/641/385
f 425/366/386 429/368/386 431/646/386 427/642/386
f 427/643/387 431/647/387 432/648/387 428/644/387
f 428/644/388 432/648/388 430/649/388 426/645/388
f 429/368/389 433/370/389 435/650/389 431/646/389
f 431/647/390 435/651/390 436/652/390 432/648/390
f 432/648/391 436/652/391 434/653/391 430/649/391
f 433/371/392 437/374/392 439/654/392 435/655/392
f 435/651/393 439/656/393 440/657/393 436/652/393
f 436/652/394 440/657/394 438/658/394 434/653/394
f 437/374/395 441/376/395 443/659/395 439/654/395
f 439/656/396 443/660/396 444/661/396 440/657/396
f 440/657/397 444/661/397 442/662/397 438/658/397
f 441/376/398 445/378/398 447/663/398 443/659/398
f 443/660/399 447/664/399 448/665/399 444/661/399
f 444/661/400 448/665/400 446/666/400 442/662/400
f 445/378/401 449/380/401 451/667/401 447/663/401
f 447/664/402 451/668/402 452/669/402 448/665/402
f 448/665/403 452/669/403 450/670/403 446/666/403
f 449/380/404 453/382/404 455/671/404 451/667/404
f 451/667/405 455/671/405 456/672/405 452/673/405
f 452/669/406 456/674/406 454/675/406 450/670/406
f 453/382/407 457/384/407 459/676/407 455/671/407
f 455/677/408 459/678/408 460/679/408 456/674/408
f 456/674/409 460/679/409 458/680/409 454/675/409
f 457/384/410 461/386/410 463/681/410 459/676/410
f 459/678/411 463/682/411 464/683/411 460/679/411
f 460/679/412 464/683/412 462/684/412 458/680/412
f 461/386/413 465/388/413 467/685/413 463/681/413
f 463/682/414 467/686/414 468/687/414 464/683/414
f 464/683/415 468/687/415 466/688/415 462/684/415
f 465/389/416 469/392/416 471/689/416 467/690/416
f 467/686/417 471/691/417 472/692/417 468/687/417
f 468/687/418 472/692/418 470/693/418 466/688/418
f 469/392/419 473/394/419 475/694/419 471/689/419
f 471/691/420 475/695/420 476/696/420 472/692/420
f 472/692/421 476/696/421 474/697/421 470/693/421
f 473/394/422 477/396/422 479/698/422 475/694/422
f 475/695/423 479/699/423 480/700/423 476/696/423
f 476/696/424 480/700/424 478/701/424 474/697/424
f 477/396/425 481/398/425 483/702/425 479/698/425
f 479/699/426 483/703/426 484/704/426 480/700/426
f 480/700/427 484/704/427 482/705/427 478/701/427
f 771/706/428 785/399/428 812/402/428 816/707/428
f 773/708/429 771/706/429 816/707/429 818/709/429
f 776/710/430 773/708/430 818/709/430 820/711/430
f 485/403/431 489/406/431 491/712/431 487/713/431
f 487/714/432 491/715/432 492/716/432 488/717/432
f 488/717/433 492/716/433 490/718/433 486/719/433
f 489/406/434 493/408/434 495/720/434 491/712/434
f 491/715/435 495/721/435 496/722/435 492/716/435
f 492/716/436 496/722/436 494/723/436 490/718/436
f 493/408/437 497/410/437 499/724/437 495/720/437
f 495/721/438 499/725/438 500/726/438 496/722/438
f 496/722/439 500/726/439 498/727/439 494/723/439
f 497/411/440 501/414/440 503/728/440 499/729/440
f 499/725/441 503/730/441 504/731/441 500/726/441
f 500/726/442 504/731/442 502/732/442 498/727/442
f 501/414/443 505/416/443 507/733/443 503/728/443
f 503/730/444 507/734/444 508/735/444 504/731/444
f 504/731/445 508/735/445 506/736/445 502/732/445
f 505/416/446 509/418/446 511/737/446 507/733/446
f 507/734/447 511/738/447 512/739/447 508/735/447
f 508/735/448 512/739/448 510/740/448 506/736/448
f 509/418/449 386/345/449 388/602/449 511/737/449
f 511/738/450 388/603/450 387/606/450 512/739/450
f 512/739/451 387/606/451 385/608/451 510/740/451
f 642/741/227 514/742/227 518/743/227 645/744/227
f 653/745/228 526/746/228 530/747/228 657/748/228
f 657/749/229 530/750/229 534/751/229 661/752/229
f 661/752/230 534/751/230 538/753/230 665/754/230
f 665/754/231 538/753/231 542/755/231 669/756/231
f 669/756/232 542/755/232 546/757/232 673/758/232
f 552/759/452 825/760/452 827/761/452 551/762/452
f 677/530/234 550/529/234 554/763/234 681/764/234
f 681/764/235 554/763/235 558/765/235 685/766/235
f 685/766/236 558/765/236 562/767/236 689/768/236
f 689/769/237 562/770/237 566/771/237 693/772/237
f 693/772/238 566/771/238 570/773/238 697/774/238
f 697/774/239 570/773/239 574/775/239 701/776/239
f 701/776/240 574/775/240 578/777/240 705/778/240
f 705/778/241 578/777/241 582/779/241 709/780/241
f 709/780/242 582/779/242 586/781/242 713/782/242
f 713/782/243 586/781/243 590/783/243 717/784/243
f 717/784/244 590/783/244 594/785/244 721/786/244
f 721/787/245 594/788/245 598/789/245 725/790/245
f 725/790/246 598/789/246 602/791/246 729/792/246
f 729/792/247 602/791/247 606/793/247 733/794/247
f 733/794/248 606/793/248 610/795/248 737/796/248
f 737/796/453 610/795/453 614/797/453 741/798/453
f 741/798/250 614/797/250 618/799/250 745/800/250
f 745/800/251 618/799/251 622/801/251 749/802/251
f 749/802/252 622/801/252 626/803/252 753/804/252
f 753/805/253 626/806/253 630/807/253 757/808/253
f 757/808/254 630/807/254 634/809/254 761/810/254
f 761/810/255 634/809/255 638/811/255 765/812/255
f 645/744/256 518/743/256 522/813/256 649/814/256
f 649/814/257 522/813/257 526/746/257 653/745/257
f 765/812/258 638/811/258 514/742/258 642/741/258
f 518/743/259 514/742/259 516/815/259 520/816/259
f 520/816/260 516/815/260 515/817/260 519/818/260
f 519/819/261 515/820/261 513/536/261 517/535/261
f 522/813/262 518/743/262 520/816/262 524/821/262
f 524/822/263 520/823/263 519/819/263 523/824/263
f 523/824/264 519/819/264 517/535/264 521/568/264
f 526/746/265 522/813/265 524/821/265 528/825/265
f 528/826/266 524/822/266 523/824/266 527/827/266
f 527/827/267 523/824/267 521/568/267 525/567/267
f 530/747/268 526/746/268 528/825/268 532/828/268
f 532/829/269 528/826/269 527/827/269 531/830/269
f 531/830/270 527/827/270 525/567/270 529/566/270
f 534/751/454 530/750/454 532/831/454 536/832/454
f 536/833/272 532/829/272 531/830/272 535/834/272
f 535/834/273 531/830/273 529/566/273 533/565/273
f 538/753/274 534/751/274 536/832/274 540/835/274
f 540/836/275 536/833/275 535/834/275 539/837/275
f 539/837/276 535/834/276 533/565/276 537/564/276
f 542/755/277 538/753/277 540/835/277 544/838/277
f 544/839/278 540/836/278 539/837/278 543/840/278
f 543/840/279 539/837/279 537/564/279 541/563/279
f 546/757/280 542/755/280 544/838/280 548/841/280
f 548/842/281 544/839/281 543/840/281 547/843/281
f 547/843/282 543/840/282 541/563/282 545/562/282
f 675/844/455 772/845/455 774/846/455 676/847/455
f 358/404/456 814/848/456 806/849/456 360/569/456
f 813/850/457 485/403/457 487/713/457 817/851/457
f 554/763/286 550/529/286 552/759/286 556/852/286
f 556/853/287 552/854/287 551/531/287 555/855/287
f 555/855/288 551/531/288 549/534/288 553/558/288
f 558/765/289 554/763/289 556/852/289 560/856/289
f 560/857/290 556/853/290 555/855/290 559/858/290
f 559/858/291 555/855/291 553/558/291 557/557/291
f 562/767/292 558/765/292 560/856/292 564/859/292
f 564/860/293 560/857/293 559/858/293 563/861/293
f 563/861/294 559/858/294 557/557/294 561/556/294
f 566/771/295 562/770/295 564/862/295 568/863/295
f 568/864/296 564/860/296 563/861/296 567/865/296
f 567/865/297 563/861/297 561/556/297 565/555/297
f 570/773/298 566/771/298 568/863/298 572/866/298
f 572/867/299 568/864/299 567/865/299 571/868/299
f 571/868/300 567/865/300 565/555/300 569/554/300
f 574/775/301 570/773/301 572/866/301 576/869/301
f 576/870/302 572/867/302 571/868/302 575/871/302
f 575/871/303 571/868/303 569/554/303 573/553/303
f 578/777/304 574/775/304 576/869/304 580/872/304
f 580/873/305 576/870/305 575/871/305 579/874/305
f 579/874/306 575/871/306 573/553/306 577/552/306
f 582/779/307 578/777/307 580/872/307 584/875/307
f 584/876/308 580/873/308 579/874/308 583/877/308
f 583/877/309 579/874/309 577/552/309 581/551/309
f 586/781/310 582/779/310 584/875/310 588/878/310
f 588/879/311 584/876/311 583/877/311 587/880/311
f 587/880/458 583/877/458 581/551/458 585/550/458
f 590/783/313 586/781/313 588/878/313 592/881/313
f 592/882/314 588/879/314 587/880/314 591/883/314
f 591/883/459 587/880/459 585/550/459 589/549/459
f 594/785/316 590/783/316 592/881/316 596/884/316
f 596/885/317 592/882/317 591/883/317 595/886/317
f 595/886/318 591/883/318 589/549/318 593/548/318
f 598/789/319 594/788/319 596/887/319 600/888/319
f 600/889/320 596/885/320 595/886/320 599/890/320
f 599/890/321 595/886/321 593/548/321 597/547/321
f 602/791/322 598/789/322 600/888/322 604/891/322
f 604/892/323 600/889/323 599/890/323 603/893/323
f 603/893/460 599/890/460 597/547/460 601/546/460
f 606/793/325 602/791/325 604/891/325 608/894/325
f 608/895/326 604/892/326 603/893/326 607/896/326
f 607/896/327 603/893/327 601/546/327 605/545/327
f 610/795/328 606/793/328 608/894/328 612/897/328
f 612/898/329 608/895/329 607/896/329 611/899/329
f 611/899/330 607/896/330 605/545/330 609/544/330
f 614/797/461 610/795/461 612/897/461 616/900/461
f 616/900/462 612/897/462 611/901/462 615/902/462
f 615/903/463 611/899/463 609/544/463 613/543/463
f 618/799/334 614/797/334 616/900/334 620/904/334
f 620/905/335 616/906/335 615/903/335 619/907/335
f 619/907/336 615/903/336 613/543/336 617/542/336
f 622/801/337 618/799/337 620/904/337 624/908/337
f 624/909/464 620/905/464 619/907/464 623/910/464
f 623/910/339 619/907/339 617/542/339 621/541/339
f 626/803/340 622/801/340 624/908/340 628/911/340
f 628/912/341 624/909/341 623/910/341 627/913/341
f 627/913/342 623/910/342 621/541/342 625/540/342
f 630/807/343 626/806/343 628/914/343 632/915/343
f 632/916/344 628/912/344 627/913/344 631/917/344
f 631/917/345 627/913/345 625/540/345 629/539/345
f 634/809/346 630/807/346 632/915/346 636/918/346
f 636/919/347 632/916/347 631/917/347 635/920/347
f 635/920/348 631/917/348 629/539/348 633/538/348
f 638/811/349 634/809/349 636/918/349 640/921/349
f 640/922/350 636/919/350 635/920/350 639/923/350
f 639/923/351 635/920/351 633/538/351 637/537/351
f 514/742/352 638/811/352 640/921/352 516/815/352
f 516/924/353 640/922/353 639/923/353 515/820/353
f 515/820/354 639/923/354 637/537/354 513/536/354
f 642/741/356 645/744/356 647/925/356 644/926/356
f 644/927/357 647/928/357 648/929/357 643/930/357
f 643/930/358 648/929/358 646/931/358 641/932/358
f 645/744/359 649/814/359 651/933/359 647/925/359
f 647/928/360 651/934/360 652/935/360 648/929/360
f 648/929/465 652/935/465 650/936/465 646/931/465
f 649/814/362 653/745/362 655/937/362 651/933/362
f 651/934/363 655/938/363 656/939/363 652/935/363
f 652/935/364 656/939/364 654/940/364 650/936/364
f 653/745/365 657/748/365 659/941/365 655/937/365
f 655/938/366 659/942/366 660/943/366 656/939/366
f 656/939/367 660/943/367 658/944/367 654/940/367
f 657/749/466 661/752/466 663/945/466 659/946/466
f 659/942/369 663/947/369 664/948/369 660/943/369
f 660/943/370 664/948/370 662/949/370 658/944/370
f 661/752/371 665/754/371 667/950/371 663/945/371
f 663/947/372 667/951/372 668/952/372 664/948/372
f 664/948/373 668/952/373 666/953/373 662/949/373
f 665/754/374 669/756/374 671/954/374 667/950/374
f 667/951/375 671/955/375 672/956/375 668/952/375
f 668/952/376 672/956/376 670/957/376 666/953/376
f 669/756/377 673/758/377 675/958/377 671/954/377
f 671/955/378 675/844/378 676/847/378 672/956/378
f 672/956/379 676/847/379 674/959/379 670/957/379
f 834/960/467 799/961/467 797/962/467 832/963/467
f 836/964/468 801/965/468 799/961/468 834/960/468
f 838/966/469 803/967/469 801/965/469 836/964/469
f 677/530/383 681/764/383 683/968/383 679/599/383
f 679/969/384 683/970/384 684/971/384 680/972/384
f 680/972/385 684/971/385 682/973/385 678/974/385
f 681/764/386 685/766/386 687/975/386 683/968/386
f 683/970/387 687/976/387 688/977/387 684/971/387
f 684/971/388 688/977/388 686/978/388 682/973/388
f 685/766/389 689/768/389 691/979/389 687/975/389
f 687/976/390 691/980/390 692/981/390 688/977/390
f 688/977/470 692/981/470 690/982/470 686/978/470
f 689/769/392 693/772/392 695/983/392 691/984/392
f 691/980/471 695/985/471 696/986/471 692/981/471
f 692/981/394 696/986/394 694/987/394 690/982/394
f 693/772/395 697/774/395 699/988/395 695/983/395
f 695/985/396 699/989/396 700/990/396 696/986/396
f 696/986/397 700/990/397 698/991/397 694/987/397
f 697/774/398 701/776/398 703/992/398 699/988/398
f 699/989/399 703/993/399 704/994/399 700/990/399
f 700/990/400 704/994/400 702/995/400 698/991/400
f 701/776/401 705/778/401 707/996/401 703/992/401
f 703/993/402 707/997/402 708/998/402 704/994/402
f 704/994/403 708/998/403 706/999/403 702/995/403
f 705/778/404 709/780/404 711/1000/404 707/996/404
f 707/996/405 711/1000/405 712/1001/405 708/1002/405
f 708/998/406 712/1003/406 710/1004/406 706/999/406
f 709/780/407 713/782/407 715/1005/407 711/1000/407
f 711/1006/472 715/1007/472 716/1008/472 712/1003/472
f 712/1003/409 716/1008/409 714/1009/409 710/1004/409
f 713/782/410 717/784/410 719/1010/410 715/1005/410
f 715/1007/411 719/1011/411 720/1012/411 716/1008/411
f 716/1008/412 720/1012/412 718/1013/412 714/1009/412
f 717/784/413 721/786/413 723/1014/413 719/1010/413
f 719/1011/414 723/1015/414 724/1016/414 720/1012/414
f 720/1012/415 724/1016/415 722/1017/415 718/1013/415
f 721/787/416 725/790/416 727/1018/416 723/1019/416
f 723/1015/473 727/1020/473 728/1021/473 724/1016/473
f 724/1016/418 728/1021/418 726/1022/418 722/1017/418
f 725/790/419 729/792/419 731/1023/419 727/1018/419
f 727/1020/420 731/1024/420 732/1025/420 728/1021/420
f 728/1021/474 732/1025/474 730/1026/474 726/1022/474
f 729/792/475 733/794/475 735/1027/475 731/1023/475
f 731/1024/423 735/1028/423 736/1029/423 732/1025/423
f 732/1025/424 736/1029/424 734/1030/424 730/1026/424
f 733/794/425 737/796/425 739/1031/425 735/1027/425
f 735/1028/426 739/1032/426 740/1033/426 736/1029/426
f 736/1029/427 740/1033/427 738/1034/427 734/1030/427
f 737/796/476 741/798/476 743/1035/476 739/1031/476
f 739/1032/477 743/1036/477 744/1037/477 740/1033/477
f 740/1033/478 744/1037/478 742/1038/478 738/1034/478
f 741/798/431 745/800/431 747/1039/431 743/1035/431
f 743/1036/432 747/1040/432 748/1041/432 744/1037/432
f 744/1037/433 748/1041/433 746/1042/433 742/1038/433
f 745/800/434 749/802/434 751/1043/434 747/1039/434
f 747/1040/479 751/1044/479 752/1045/479 748/1041/479
f 748/1041/436 752/1045/436 750/1046/436 746/1042/436
f 749/802/437 753/804/437 755/1047/437 751/1043/437
f 751/1044/438 755/1048/438 756/1049/438 752/1045/438
f 752/1045/439 756/1049/439 754/1050/439 750/1046/439
f 753/805/440 757/808/440 759/1051/440 755/1052/440
f 755/1048/441 759/1053/441 760/1054/441 756/1049/441
f 756/1049/442 760/1054/442 758/1055/442 754/1050/442
f 757/808/443 761/810/443 763/1056/443 759/1051/443
f 759/1053/444 763/1057/444 764/1058/444 760/1054/444
f 760/1054/445 764/1058/445 762/1059/445 758/1055/445
f 761/810/446 765/812/446 767/1060/446 763/1056/446
f 763/1057/447 767/1061/447 768/1062/447 764/1058/447
f 764/1058/448 768/1062/448 766/1063/448 762/1059/448
f 765/812/449 642/741/449 644/926/449 767/1060/449
f 767/1061/450 644/927/450 643/930/450 768/1062/450
f 768/1062/451 643/930/451 641/932/451 766/1063/451
f 360/569/480 806/849/480 808/1064/480 359/1065/480
f 830/1066/481 828/1067/481 791/1068/481 793/1069/481
f 828/1070/482 826/1071/482 789/1072/482 791/1073/482
f 832/963/483 797/962/483 787/1074/483 824/1075/483
f 359/573/484 808/1076/484 809/1077/484 357/575/484
f 813/850/485 814/848/485 358/404/485 485/403/485
f 819/1078/486 488/717/486 486/719/486 821/1079/486
f 641/932/487 646/931/487 650/936/487 654/940/487 658/944/487 662/949/487 666/953/487 670/957/487 674/959/487 775/1080/487 777/1081/487 840/1082/487 839/1083/487 678/974/487 682/973/487 686/978/487 690/982/487 694/987/487 698/991/487 702/995/487 706/999/487 710/1004/487 714/1009/487 718/1013/487 722/1017/487 726/1022/487 730/1026/487 734/1030/487 738/1034/487 742/1038/487 746/1042/487 750/1046/487 754/1050/487 758/1055/487 762/1059/487 766/1063/487
f 837/1084/488 680/972/488 678/974/488 839/1083/488
f 835/1085/489 679/969/489 680/972/489 837/1084/489
f 826/1071/490 824/1075/490 787/1074/490 789/1072/490
f 778/1086/491 805/1087/491 815/401/491 770/400/491
f 780/1088/492 807/1089/492 805/1087/492 778/1086/492
f 782/1090/493 810/1091/493 807/1092/493 780/1093/493
f 782/1090/333 784/560/333 831/559/333 830/1066/333 793/1069/333 795/1094/333 811/1095/333 810/1091/333
f 779/1096/494 548/841/494 547/1097/494 781/1098/494
f 385/608/487 390/607/487 394/612/487 398/616/487 402/620/487 406/625/487 410/629/487 414/633/487 418/637/487 422/641/487 426/645/487 430/649/487 434/653/487 438/658/487 442/662/487 446/666/487 450/670/487 454/675/487 458/680/487 462/684/487 466/688/487 470/693/487 474/697/487 478/701/487 482/705/487 802/1099/487 804/1100/487 822/1101/487 821/1079/487 486/719/487 490/718/487 494/723/487 498/727/487 502/732/487 506/736/487 510/740/487
f 484/704/495 800/1102/495 802/1099/495 482/705/495
f 483/703/496 798/1103/496 800/1102/496 484/704/496
f 788/1104/497 354/397/497 356/523/497 790/1105/497
f 790/1105/498 356/523/498 355/1106/498 792/1107/498
f 792/1108/499 355/525/499 353/526/499 794/1109/499
f 261/428/333 257/427/333 381/597/333 377/593/333 373/589/333 369/584/333 365/580/333 361/576/333 357/575/333 809/1077/333 811/1095/333 795/1094/333 794/1109/333 353/526/333 349/522/333 345/518/333 341/514/333 337/509/333 333/505/333 329/501/333 325/497/333 321/493/333 317/489/333 313/485/333 309/481/333 305/476/333 301/472/333 297/468/333 293/463/333 289/458/333 285/454/333 281/450/333 277/446/333 273/441/333 269/437/333 265/433/333
f 838/966/487 840/1082/487 777/1081/487 776/710/487 820/711/487 822/1101/487 804/1100/487 803/967/487
f 673/758/500 786/1110/500 772/1111/500 675/958/500
f 676/847/501 774/846/501 775/1080/501 674/959/501
f 769/1112/502 546/757/502 548/841/502 779/1096/502
f 817/1113/503 487/714/503 488/717/503 819/1078/503
f 781/1114/504 547/843/504 545/562/504 783/561/504
f 481/398/505 796/1115/505 798/1116/505 483/702/505
f 775/1080/487 776/1117/487 777/1081/487
f 782/1118/333 783/561/333 784/1119/333
f 770/400/506 785/399/506 786/1110/506 769/1112/506
f 785/1120/507 771/1121/507 772/1111/507 786/1110/507
f 771/706/508 773/708/508 774/846/508 772/845/508
f 773/708/509 776/710/509 775/1080/509 774/846/509
f 781/1114/510 783/561/510 782/1122/510 780/1123/510
f 779/1096/511 781/1098/511 780/1088/511 778/1086/511
f 769/1112/512 779/1096/512 778/1086/512 770/400/512
f 673/758/513 546/757/513 769/1112/513 786/1110/513
f 793/1069/333 794/1124/333 795/1094/333
f 802/1099/487 803/1125/487 804/1100/487
f 809/1077/333 810/1126/333 811/1095/333
f 820/711/487 821/1127/487 822/1101/487
f 801/965/514 803/967/514 802/1099/514 800/1102/514
f 799/961/515 801/965/515 800/1102/515 798/1103/515
f 797/962/516 799/961/516 798/1128/516 796/1129/516
f 792/1108/517 794/1109/517 793/1069/517 791/1068/517
f 790/1105/518 792/1107/518 791/1073/518 789/1072/518
f 788/1104/519 790/1105/519 789/1072/519 787/1074/519
f 787/1074/520 797/962/520 796/1115/520 788/1104/520
f 815/401/521 805/1087/521 806/849/521 814/848/521
f 805/1087/522 807/1089/522 808/1064/522 806/849/522
f 807/1092/523 810/1091/523 809/1077/523 808/1076/523
f 819/1078/524 821/1079/524 820/711/524 818/709/524
f 817/1113/525 819/1078/525 818/709/525 816/707/525
f 813/1130/526 817/1131/526 816/707/526 812/402/526
f 814/848/527 813/850/527 812/402/527 815/401/527
f 481/398/528 354/397/528 788/1104/528 796/1115/528
f 829/533/333 830/1132/333 831/1133/333
f 838/966/487 839/1134/487 840/1082/487
f 837/1084/529 839/1083/529 838/966/529 836/964/529
f 835/1085/530 837/1084/530 836/964/530 834/960/530
f 833/527/531 835/600/531 834/1135/531 832/1136/531
f 828/1137/532 830/1132/532 829/533/532 827/532/532
f 826/1071/533 828/1070/533 827/761/533 825/760/533
f 824/1075/534 826/1071/534 825/760/534 823/528/534
f 823/528/535 833/527/535 832/963/535 824/1075/535
f 550/529/536 823/528/536 825/760/536 552/759/536
o 眼鏡突起1_円柱.005
v 1.302600 6.672804 -2.304514
v 1.304421 6.607963 -2.369635
v 1.303511 6.664117 -2.337075
v 1.304177 6.640383 -2.360911
v 4.082042 6.672804 -1.940965
v 4.096539 6.607963 -2.004497
v 4.089290 6.664117 -1.972731
v 4.094596 6.640383 -1.995986
v 4.167789 6.672804 -1.912169
v 4.194485 6.607963 -1.971605
v 4.181137 6.664117 -1.941887
v 4.190908 6.640383 -1.963642
v 4.246353 6.672804 -1.867150
v 4.284132 6.607963 -1.920236
v 4.265243 6.664117 -1.893693
v 4.279071 6.640383 -1.913123
v 4.314625 6.672804 -1.807669
v 4.362035 6.607963 -1.852364
v 4.338330 6.664117 -1.830017
v 4.355683 6.640383 -1.846376
v 4.369981 6.672804 -1.736012
v 4.425200 6.607963 -1.770599
v 4.397591 6.664117 -1.753306
v 4.417802 6.640383 -1.765965
v 4.410295 6.672804 -1.654932
v 4.471200 6.607963 -1.678081
v 4.440747 6.664117 -1.666507
v 4.463039 6.640383 -1.674980
v 4.434015 6.672804 -1.567546
v 4.498266 6.607963 -1.578368
v 4.466141 6.664117 -1.572957
v 4.489658 6.640383 -1.576918
v 4.440239 6.672804 -1.477111
v 4.505360 6.607963 -1.475290
v 4.472799 6.664117 -1.476201
v 4.496635 6.640383 -1.475534
v 4.292205 6.672804 -0.052370
v 4.355738 6.607963 -0.037875
v 4.323971 6.664117 -0.045122
v 4.347226 6.640383 -0.039817
v 4.263410 6.672804 0.033375
v 4.322845 6.607963 0.060072
v 4.293128 6.664117 0.046723
v 4.314883 6.640383 0.056495
v 4.218390 6.672804 0.111939
v 4.271476 6.607963 0.149719
v 4.244934 6.664117 0.130829
v 4.264364 6.640383 0.144658
v 4.158910 6.672804 0.180213
v 4.203605 6.607963 0.227622
v 4.181257 6.664117 0.203917
v 4.197617 6.640383 0.221270
v 4.087253 6.672804 0.235569
v 4.121839 6.607963 0.290787
v 4.104546 6.664117 0.263178
v 4.117205 6.640383 0.283389
v 4.006173 6.672804 0.275882
v 4.029323 6.607963 0.336786
v 4.017748 6.664117 0.306334
v 4.026221 6.640383 0.328627
v 3.918785 6.672804 0.299602
v 3.929609 6.607963 0.363853
v 3.924197 6.664117 0.331728
v 3.928159 6.640383 0.355245
v 3.828353 6.672804 0.305826
v 3.826531 6.607963 0.370946
v 3.827442 6.664117 0.338386
v 3.826775 6.640383 0.362222
v 1.048910 6.672804 -0.057724
v 1.034414 6.607963 0.005808
v 1.041662 6.664117 -0.025958
v 1.036356 6.640383 -0.002703
v 0.963164 6.672804 -0.086519
v 0.936467 6.607963 -0.027084
v 0.949816 6.664117 -0.056802
v 0.940045 6.640383 -0.035047
v 0.884600 6.672804 -0.131539
v 0.846821 6.607963 -0.078454
v 0.865710 6.664117 -0.104996
v 0.851882 6.640383 -0.085565
v 0.816328 6.672804 -0.191019
v 0.768918 6.607963 -0.146325
v 0.792623 6.664117 -0.168672
v 0.775269 6.640383 -0.152313
v 0.760970 6.672804 -0.262678
v 0.705752 6.607963 -0.228090
v 0.733361 6.664117 -0.245384
v 0.713150 6.640383 -0.232724
v 0.720658 6.672804 -0.343757
v 0.659753 6.607963 -0.320607
v 0.690205 6.664117 -0.332182
v 0.667912 6.640383 -0.323709
v 0.696937 6.672804 -0.431143
v 0.632686 6.607963 -0.420321
v 0.664812 6.664117 -0.425732
v 0.641295 6.640383 -0.421771
v 0.690714 6.672804 -0.521577
v 0.625593 6.607963 -0.523399
v 0.658153 6.664117 -0.522488
v 0.634317 6.640383 -0.523155
v 0.838747 6.672804 -1.946320
v 0.775214 6.607963 -1.960814
v 0.806980 6.664117 -1.953567
v 0.783726 6.640383 -1.958873
v 0.867542 6.672804 -2.032063
v 0.808107 6.607963 -2.058761
v 0.837824 6.664117 -2.045412
v 0.816070 6.640383 -2.055184
v 0.912561 6.672804 -2.110629
v 0.859476 6.607963 -2.148408
v 0.886019 6.664117 -2.129519
v 0.866588 6.640383 -2.143346
v 0.972042 6.672804 -2.178901
v 0.927347 6.607963 -2.226311
v 0.949695 6.664117 -2.202605
v 0.933335 6.640383 -2.219959
v 1.043699 6.672804 -2.234257
v 1.009112 6.607963 -2.289475
v 1.026406 6.664117 -2.261866
v 1.013747 6.640383 -2.282078
v 1.124780 6.672804 -2.274571
v 1.101629 6.607963 -2.335475
v 1.113205 6.664117 -2.305023
v 1.104732 6.640383 -2.327316
v 1.212166 6.672804 -2.298291
v 1.201343 6.607963 -2.362542
v 1.206755 6.664117 -2.330417
v 1.202794 6.640383 -2.353934
v 1.303259 6.283111 -2.328072
v 1.304421 6.324497 -2.369635
v 1.303840 6.288656 -2.348854
v 1.304265 6.303804 -2.364067
v 4.096539 6.324497 -2.004497
v 4.087286 6.283111 -1.963948
v 4.095299 6.303804 -1.999065
v 4.091912 6.288656 -1.984223
v 4.194485 6.324497 -1.971605
v 4.177446 6.283111 -1.933669
v 4.192203 6.303804 -1.966522
v 4.185966 6.288656 -1.952637
v 4.284132 6.324497 -1.920236
v 4.260019 6.283111 -1.886354
v 4.280901 6.303804 -1.915696
v 4.272076 6.288656 -1.903295
v 4.362035 6.324497 -1.852364
v 4.331776 6.283111 -1.823837
v 4.357981 6.303804 -1.848542
v 4.346905 6.288656 -1.838101
v 4.425200 6.324497 -1.770599
v 4.389956 6.283111 -1.748523
v 4.420477 6.303804 -1.767641
v 4.407578 6.288656 -1.759561
v 4.471200 6.324497 -1.678081
v 4.432327 6.283111 -1.663306
v 4.465991 6.303804 -1.676102
v 4.451763 6.288656 -1.670694
v 4.498266 6.324497 -1.578368
v 4.457258 6.283111 -1.571460
v 4.492771 6.303804 -1.577443
v 4.477761 6.288656 -1.574914
v 4.505360 6.324497 -1.475290
v 4.463796 6.283111 -1.476453
v 4.499791 6.303804 -1.475446
v 4.484578 6.288656 -1.475872
v 4.355738 6.324497 -0.037875
v 4.315188 6.283111 -0.047126
v 4.350305 6.303804 -0.039114
v 4.335463 6.288656 -0.042500
v 4.322845 6.324497 0.060072
v 4.284910 6.283111 0.043032
v 4.317763 6.303804 0.057789
v 4.303878 6.288656 0.051553
v 4.271476 6.324497 0.149719
v 4.237595 6.283111 0.125606
v 4.266936 6.303804 0.146488
v 4.254536 6.288656 0.137663
v 4.203605 6.324497 0.227622
v 4.175078 6.283111 0.197362
v 4.199783 6.303804 0.223568
v 4.189342 6.288656 0.212492
v 4.121839 6.324497 0.290787
v 4.099764 6.283111 0.255543
v 4.118882 6.303804 0.286065
v 4.110802 6.288656 0.273165
v 4.029323 6.324497 0.336786
v 4.014547 6.283111 0.297914
v 4.027343 6.303804 0.331578
v 4.021935 6.288656 0.317351
v 3.929609 6.324497 0.363853
v 3.922701 6.283111 0.322845
v 3.928683 6.303804 0.358359
v 3.926155 6.288656 0.343349
v 3.826531 6.324497 0.370946
v 3.827694 6.283111 0.329383
v 3.826687 6.303804 0.365378
v 3.827112 6.288656 0.350165
v 1.034414 6.324497 0.005808
v 1.043667 6.283111 -0.034741
v 1.035654 6.303804 0.000375
v 1.039040 6.288656 -0.014467
v 0.936467 6.324497 -0.027084
v 0.953506 6.283111 -0.065019
v 0.938751 6.303804 -0.032167
v 0.944987 6.288656 -0.046052
v 0.846821 6.324497 -0.078454
v 0.870933 6.283111 -0.112335
v 0.850051 6.303804 -0.082993
v 0.858877 6.288656 -0.095394
v 0.768918 6.324497 -0.146325
v 0.799177 6.283111 -0.174852
v 0.772972 6.303804 -0.150147
v 0.784047 6.288656 -0.160589
v 0.705752 6.324497 -0.228090
v 0.740995 6.283111 -0.250166
v 0.710474 6.303804 -0.231047
v 0.723374 6.288656 -0.239128
v 0.659753 6.324497 -0.320607
v 0.698626 6.283111 -0.335382
v 0.664961 6.303804 -0.322587
v 0.679189 6.288656 -0.327995
v 0.632686 6.324497 -0.420321
v 0.673694 6.283111 -0.427229
v 0.638180 6.303804 -0.421246
v 0.653190 6.288656 -0.423774
v 0.625593 6.324497 -0.523399
v 0.667156 6.283111 -0.522237
v 0.631161 6.303804 -0.523243
v 0.646374 6.288656 -0.522818
v 0.775214 6.324497 -1.960814
v 0.815764 6.283111 -1.951563
v 0.780647 6.303804 -1.959575
v 0.795489 6.288656 -1.956189
v 0.808107 6.324497 -2.058761
v 0.846042 6.283111 -2.041721
v 0.813189 6.303804 -2.056478
v 0.827075 6.288656 -2.050241
v 0.859476 6.324497 -2.148408
v 0.893358 6.283111 -2.124295
v 0.864015 6.303804 -2.145177
v 0.876417 6.288656 -2.136351
v 0.927347 6.324497 -2.226311
v 0.955873 6.283111 -2.196051
v 0.931169 6.303804 -2.222257
v 0.941611 6.288656 -2.211181
v 1.009112 6.324497 -2.289475
v 1.031188 6.283111 -2.254233
v 1.012070 6.303804 -2.284754
v 1.020150 6.288656 -2.271854
v 1.101629 6.324497 -2.335475
v 1.116405 6.283111 -2.296603
v 1.103610 6.303804 -2.330267
v 1.109017 6.288656 -2.316039
v 1.201343 6.324497 -2.362542
v 1.208252 6.283111 -2.321534
v 1.202269 6.303804 -2.357048
v 1.204798 6.288656 -2.342038
vt 0.169504 0.871029
vt 0.219672 0.870690
vt 0.215829 0.301526
vt 0.165661 0.301864
vt 0.165426 0.267068
vt 0.215594 0.266730
vt 0.215492 0.251557
vt 0.165324 0.251895
vt 0.162877 0.777975
vt 0.128883 0.778204
vt 0.128824 0.769416
vt 0.162818 0.769186
vt 0.128754 0.759092
vt 0.162748 0.758863
vt 0.128677 0.747630
vt 0.162671 0.747401
vt 0.128595 0.735470
vt 0.162589 0.735241
vt 0.124786 0.171332
vt 0.158780 0.171103
vt 0.124704 0.159187
vt 0.158698 0.158958
vt 0.124626 0.147754
vt 0.158621 0.147525
vt 0.124557 0.137473
vt 0.158551 0.137243
vt 0.066674 0.239023
vt 0.116843 0.238684
vt 0.116930 0.251654
vt 0.066762 0.251993
vt 0.117033 0.266890
vt 0.066865 0.267229
vt 0.117147 0.283805
vt 0.066979 0.284144
vt 0.117268 0.301751
vt 0.067100 0.302090
vt 0.121111 0.870915
vt 0.070943 0.871254
vt 0.121232 0.888839
vt 0.071064 0.889178
vt 0.121346 0.905712
vt 0.071178 0.906050
vt 0.121449 0.920884
vt 0.071281 0.921223
vt 0.140282 0.956645
vt 0.140472 0.984911
vt 0.147780 0.984862
vt 0.147589 0.956596
vt 0.156364 0.984804
vt 0.156173 0.956538
vt 0.165895 0.984739
vt 0.165704 0.956473
vt 0.176006 0.984671
vt 0.175815 0.956405
vt 0.645086 0.981504
vt 0.644895 0.953238
vt 0.655185 0.981436
vt 0.654994 0.953170
vt 0.664691 0.981371
vt 0.664500 0.953105
vt 0.673240 0.981314
vt 0.673049 0.953048
vt 0.169930 0.934095
vt 0.220098 0.933757
vt 0.220011 0.920787
vt 0.169842 0.921126
vt 0.219908 0.905551
vt 0.169740 0.905890
vt 0.219793 0.888636
vt 0.169625 0.888974
vt 0.215708 0.283602
vt 0.165540 0.283941
vt 0.225409 0.870503
vt 0.221568 0.301641
vt 0.229607 0.870067
vt 0.225772 0.302033
vt 0.862924 0.390341
vt 0.862972 0.869527
vt 0.858131 0.869058
vt 0.858084 0.390825
vt 0.221449 0.284016
vt 0.863463 0.375118
vt 0.866468 0.389986
vt 0.860059 0.376162
vt 0.855409 0.377588
vt 0.221337 0.267423
vt 0.857614 0.361120
vt 0.854479 0.362808
vt 0.850197 0.365114
vt 0.221237 0.252502
vt 0.849147 0.348533
vt 0.846402 0.350800
vt 0.842652 0.353897
vt 0.124990 0.777423
vt 0.124931 0.768781
vt 0.838387 0.337839
vt 0.836137 0.340598
vt 0.833063 0.344367
vt 0.124863 0.758628
vt 0.825748 0.329449
vt 0.824079 0.332595
vt 0.821799 0.336891
vt 0.124787 0.747356
vt 0.811714 0.323687
vt 0.810691 0.327097
vt 0.809294 0.331756
vt 0.124706 0.735395
vt 0.796824 0.320773
vt 0.796481 0.324316
vt 0.796012 0.329157
vt 0.120898 0.171463
vt 0.121858 0.735139
vt 0.118054 0.171767
vt 0.095109 0.324364
vt 0.095593 0.329204
vt 0.120818 0.159520
vt 0.079887 0.323825
vt 0.094754 0.320820
vt 0.080931 0.327229
vt 0.082357 0.331879
vt 0.120742 0.148277
vt 0.065889 0.329674
vt 0.067577 0.332809
vt 0.069883 0.337091
vt 0.120674 0.138166
vt 0.053301 0.338141
vt 0.055569 0.340886
vt 0.058666 0.344637
vt 0.122589 0.239837
vt 0.122675 0.252592
vt 0.042607 0.348901
vt 0.045367 0.351151
vt 0.049136 0.354225
vt 0.122776 0.267575
vt 0.034218 0.361540
vt 0.037363 0.363209
vt 0.041660 0.365489
vt 0.122888 0.284211
vt 0.028456 0.375574
vt 0.031866 0.376597
vt 0.036525 0.377995
vt 0.123007 0.301861
vt 0.025541 0.390464
vt 0.029085 0.390807
vt 0.033925 0.391276
vt 0.126848 0.870723
vt 0.025589 0.870348
vt 0.029132 0.869993
vt 0.033973 0.869509
vt 0.126967 0.888347
vt 0.028594 0.885216
vt 0.031998 0.884172
vt 0.036648 0.882745
vt 0.127079 0.904940
vt 0.034442 0.899213
vt 0.037577 0.897525
vt 0.041860 0.895219
vt 0.127180 0.919862
vt 0.042909 0.911801
vt 0.045655 0.909534
vt 0.049405 0.906437
vt 0.141165 0.988139
vt 0.148352 0.988091
vt 0.053669 0.922495
vt 0.055920 0.919736
vt 0.058994 0.915967
vt 0.156794 0.988034
vt 0.066309 0.930884
vt 0.067978 0.927739
vt 0.070257 0.923443
vt 0.166167 0.987971
vt 0.080342 0.936647
vt 0.081365 0.933236
vt 0.082763 0.928578
vt 0.176112 0.987903
vt 0.095232 0.939561
vt 0.095576 0.936018
vt 0.096045 0.931177
vt 0.645021 0.984737
vt 0.176357 0.990268
vt 0.644800 0.987106
vt 0.796948 0.935970
vt 0.796463 0.931130
vt 0.654951 0.984670
vt 0.812170 0.936508
vt 0.797302 0.939513
vt 0.811126 0.933104
vt 0.809700 0.928454
vt 0.664300 0.984607
vt 0.826168 0.930660
vt 0.824480 0.927525
vt 0.822174 0.923242
vt 0.672707 0.984550
vt 0.838755 0.922193
vt 0.836488 0.919448
vt 0.833391 0.915697
vt 0.225828 0.932527
vt 0.225742 0.919772
vt 0.849449 0.911433
vt 0.846690 0.909183
vt 0.842921 0.906109
vt 0.225641 0.904788
vt 0.857839 0.898793
vt 0.854693 0.897125
vt 0.850397 0.894845
vt 0.225528 0.888153
vt 0.863601 0.884760
vt 0.860191 0.883737
vt 0.855532 0.882339
vt 0.866515 0.869870
vt 0.162000 0.301987
vt 0.165841 0.870959
vt 0.866984 0.869916
vt 0.866937 0.389939
vt 0.864675 0.390165
vt 0.864723 0.869696
vt 0.861586 0.390475
vt 0.861633 0.869397
vt 0.161880 0.284255
vt 0.863913 0.374980
vt 0.861741 0.375646
vt 0.858773 0.376556
vt 0.161767 0.267561
vt 0.858029 0.360897
vt 0.856028 0.361974
vt 0.853295 0.363446
vt 0.161666 0.252548
vt 0.849511 0.348232
vt 0.847759 0.349680
vt 0.845365 0.351656
vt 0.165297 0.768747
vt 0.165355 0.777443
vt 0.838685 0.337473
vt 0.837249 0.339234
vt 0.835287 0.341640
vt 0.165228 0.758533
vt 0.825969 0.329033
vt 0.824903 0.331040
vt 0.823449 0.333783
vt 0.165151 0.747192
vt 0.811850 0.323236
vt 0.811197 0.325412
vt 0.810305 0.328386
vt 0.165070 0.735160
vt 0.796870 0.320304
vt 0.796651 0.322565
vt 0.796351 0.325655
vt 0.161262 0.171153
vt 0.094707 0.320351
vt 0.094934 0.322613
vt 0.095243 0.325702
vt 0.161181 0.159137
vt 0.079748 0.323375
vt 0.080415 0.325547
vt 0.081325 0.328515
vt 0.161104 0.147825
vt 0.065665 0.329259
vt 0.066743 0.331260
vt 0.068215 0.333993
vt 0.161036 0.137652
vt 0.053001 0.337777
vt 0.054448 0.339530
vt 0.056425 0.341923
vt 0.063104 0.252641
vt 0.063017 0.239808
vt 0.042242 0.348603
vt 0.044003 0.350039
vt 0.046409 0.352001
vt 0.063206 0.267715
vt 0.033801 0.361319
vt 0.035809 0.362385
vt 0.038551 0.363840
vt 0.063319 0.284452
vt 0.028004 0.375438
vt 0.030181 0.376091
vt 0.033154 0.376983
vt 0.063439 0.302209
vt 0.025072 0.390418
vt 0.027334 0.390637
vt 0.030423 0.390937
vt 0.067280 0.871181
vt 0.064598 0.870930
vt 0.060759 0.302487
vt 0.027381 0.870168
vt 0.030471 0.869859
vt 0.067400 0.888913
vt 0.025120 0.870395
vt 0.028143 0.885354
vt 0.030316 0.884688
vt 0.033284 0.883777
vt 0.067513 0.905607
vt 0.034027 0.899437
vt 0.036028 0.898359
vt 0.038762 0.896888
vt 0.067614 0.920620
vt 0.042546 0.912101
vt 0.044298 0.910654
vt 0.046692 0.908677
vt 0.147926 0.954530
vt 0.140696 0.954579
vt 0.053371 0.922861
vt 0.054808 0.921099
vt 0.056770 0.918694
vt 0.156420 0.954472
vt 0.066088 0.931301
vt 0.067153 0.929293
vt 0.068608 0.926551
vt 0.165850 0.954409
vt 0.080207 0.937098
vt 0.080860 0.934922
vt 0.081752 0.931948
vt 0.175855 0.954341
vt 0.095187 0.940030
vt 0.095406 0.937768
vt 0.095705 0.934679
vt 0.644826 0.951175
vt 0.797349 0.939983
vt 0.797123 0.937721
vt 0.796814 0.934632
vt 0.654817 0.951107
vt 0.812308 0.936959
vt 0.811642 0.934787
vt 0.810732 0.931819
vt 0.664223 0.951044
vt 0.826391 0.931075
vt 0.825314 0.929074
vt 0.823842 0.926341
vt 0.672681 0.950987
vt 0.839056 0.922556
vt 0.837609 0.920804
vt 0.835632 0.918411
vt 0.166176 0.920527
vt 0.166263 0.933360
vt 0.849815 0.911731
vt 0.848054 0.910295
vt 0.845648 0.908333
vt 0.166074 0.905453
vt 0.858255 0.899014
vt 0.856248 0.897949
vt 0.853505 0.896494
vt 0.165961 0.888716
vt 0.864053 0.884895
vt 0.861876 0.884242
vt 0.858903 0.883350
vn 0.1297 0.0000 -0.9916
vn 0.6569 0.0000 -0.7540
vn 0.7914 0.0000 -0.6113
vn 0.8954 0.0000 -0.4452
vn 0.9651 0.0000 -0.2620
vn 0.9976 0.0000 -0.0687
vn 0.9946 0.0000 0.1035
vn 0.9480 0.0000 0.3183
vn 0.8676 0.0000 0.4972
vn 0.7540 0.0000 0.6569
vn 0.6113 0.0000 0.7914
vn 0.4452 0.0000 0.8954
vn 0.2620 0.0000 0.9651
vn 0.0687 0.0000 0.9976
vn -0.1297 0.0000 0.9916
vn -0.3184 0.0000 0.9480
vn -0.4972 0.0000 0.8676
vn -0.6569 0.0000 0.7540
vn -0.7914 0.0000 0.6113
vn -0.8954 0.0000 0.4452
vn -0.9651 0.0000 0.2620
vn -0.9976 0.0000 0.0687
vn -0.9946 0.0000 -0.1035
vn -0.9480 0.0000 -0.3184
vn -0.8676 0.0000 -0.4972
vn -0.7540 0.0000 -0.6569
vn -0.6113 0.0000 -0.7914
vn -0.4452 0.0000 -0.8954
vn -0.2620 0.0000 -0.9651
vn 0.3184 0.0000 -0.9480
vn 0.4972 0.0000 -0.8676
vn -0.0687 0.0000 -0.9976
vn 0.1253 0.2588 -0.9578
vn 0.0917 0.7071 -0.7012
vn 0.0336 0.9659 -0.2566
vn 0.3075 0.2588 -0.9157
vn 0.2251 0.7071 -0.6703
vn 0.0824 0.9659 -0.2454
vn 0.4802 0.2588 -0.8381
vn 0.3516 0.7071 -0.6135
vn 0.1287 0.9659 -0.2246
vn 0.6345 0.2588 -0.7283
vn 0.4645 0.7071 -0.5331
vn 0.1700 0.9659 -0.1951
vn 0.7644 0.2588 -0.5905
vn 0.5596 0.7071 -0.4323
vn 0.2048 0.9659 -0.1582
vn 0.8649 0.2588 -0.4300
vn 0.6332 0.7071 -0.3148
vn 0.2317 0.9659 -0.1152
vn 0.9322 0.2588 -0.2530
vn 0.6824 0.7071 -0.1852
vn 0.2498 0.9659 -0.0678
vn 0.9636 0.2588 -0.0663
vn 0.7054 0.7071 -0.0485
vn 0.2582 0.9659 -0.0178
vn 0.9607 0.2588 0.1000
vn 0.7034 0.7070 0.0732
vn 0.2575 0.9659 0.0268
vn 0.9157 0.2588 0.3075
vn 0.6703 0.7071 0.2251
vn 0.2453 0.9659 0.0824
vn 0.8381 0.2588 0.4802
vn 0.6135 0.7071 0.3516
vn 0.2246 0.9659 0.1287
vn 0.7283 0.2588 0.6345
vn 0.5331 0.7071 0.4645
vn 0.1951 0.9659 0.1700
vn 0.5905 0.2588 0.7644
vn 0.4323 0.7071 0.5596
vn 0.1582 0.9659 0.2048
vn 0.4300 0.2588 0.8649
vn 0.3148 0.7071 0.6332
vn 0.1152 0.9659 0.2317
vn 0.2530 0.2588 0.9322
vn 0.1852 0.7071 0.6824
vn 0.0678 0.9659 0.2498
vn 0.0663 0.2588 0.9636
vn 0.0485 0.7071 0.7054
vn 0.0178 0.9659 0.2582
vn -0.1253 0.2588 0.9578
vn -0.0917 0.7071 0.7011
vn -0.0336 0.9659 0.2566
vn -0.3075 0.2588 0.9157
vn -0.2251 0.7071 0.6703
vn -0.0824 0.9659 0.2454
vn -0.4802 0.2588 0.8381
vn -0.3516 0.7071 0.6135
vn -0.1287 0.9659 0.2246
vn -0.6345 0.2588 0.7283
vn -0.4645 0.7071 0.5331
vn -0.1700 0.9659 0.1951
vn -0.7644 0.2588 0.5905
vn -0.5596 0.7071 0.4323
vn -0.2048 0.9659 0.1582
vn -0.8649 0.2588 0.4300
vn -0.6332 0.7071 0.3148
vn -0.2317 0.9659 0.1152
vn -0.9322 0.2588 0.2530
vn -0.6824 0.7071 0.1852
vn -0.2498 0.9659 0.0678
vn -0.9636 0.2588 0.0663
vn -0.7054 0.7071 0.0486
vn -0.2582 0.9659 0.0178
vn -0.9608 0.2588 -0.1000
vn -0.7034 0.7070 -0.0732
vn -0.2575 0.9659 -0.0268
vn -0.9157 0.2588 -0.3075
vn -0.6703 0.7071 -0.2251
vn -0.2454 0.9659 -0.0824
vn -0.8381 0.2588 -0.4802
vn -0.6135 0.7071 -0.3516
vn -0.2246 0.9659 -0.1287
vn -0.7283 0.2588 -0.6345
vn -0.5331 0.7071 -0.4645
vn -0.1951 0.9659 -0.1700
vn -0.5905 0.2588 -0.7644
vn -0.4323 0.7071 -0.5596
vn -0.1582 0.9659 -0.2048
vn -0.4300 0.2588 -0.8649
vn -0.3148 0.7071 -0.6332
vn -0.1152 0.9659 -0.2317
vn -0.2530 0.2588 -0.9322
vn -0.1852 0.7071 -0.6824
vn -0.0678 0.9659 -0.2498
vn -0.0663 0.2588 -0.9636
vn -0.0485 0.7071 -0.7054
vn -0.0178 0.9659 -0.2582
vn 0.0000 1.0000 0.0000
vn 0.1253 -0.2588 -0.9578
vn 0.0917 -0.7071 -0.7011
vn 0.0336 -0.9659 -0.2567
vn 0.3075 -0.2588 -0.9157
vn 0.2251 -0.7071 -0.6703
vn 0.0824 -0.9659 -0.2453
vn 0.4802 -0.2588 -0.8381
vn 0.3516 -0.7071 -0.6135
vn 0.1287 -0.9659 -0.2246
vn 0.6345 -0.2588 -0.7283
vn 0.4645 -0.7071 -0.5332
vn 0.1700 -0.9659 -0.1951
vn 0.7644 -0.2588 -0.5905
vn 0.5596 -0.7071 -0.4323
vn 0.2048 -0.9659 -0.1582
vn 0.8649 -0.2588 -0.4300
vn 0.6332 -0.7071 -0.3148
vn 0.2318 -0.9659 -0.1152
vn 0.9322 -0.2588 -0.2530
vn 0.6824 -0.7071 -0.1852
vn 0.2498 -0.9659 -0.0678
vn 0.9636 -0.2588 -0.0663
vn 0.7054 -0.7071 -0.0485
vn 0.2582 -0.9659 -0.0178
vn 0.9608 -0.2588 0.1000
vn 0.7034 -0.7070 0.0732
vn 0.2575 -0.9659 0.0268
vn 0.9157 -0.2588 0.3075
vn 0.6703 -0.7071 0.2251
vn 0.2454 -0.9659 0.0824
vn 0.8381 -0.2588 0.4802
vn 0.6135 -0.7071 0.3516
vn 0.2246 -0.9659 0.1287
vn 0.7283 -0.2588 0.6345
vn 0.5332 -0.7071 0.4645
vn 0.1951 -0.9659 0.1700
vn 0.5905 -0.2588 0.7644
vn 0.4323 -0.7071 0.5596
vn 0.1582 -0.9659 0.2048
vn 0.4300 -0.2588 0.8649
vn 0.3148 -0.7071 0.6332
vn 0.1152 -0.9659 0.2318
vn 0.2530 -0.2588 0.9322
vn 0.1852 -0.7071 0.6824
vn 0.0678 -0.9659 0.2498
vn 0.0663 -0.2588 0.9636
vn 0.0485 -0.7071 0.7054
vn 0.0178 -0.9659 0.2582
vn -0.1252 -0.2588 0.9578
vn -0.0917 -0.7071 0.7011
vn -0.0336 -0.9659 0.2567
vn -0.3075 -0.2588 0.9157
vn -0.2251 -0.7071 0.6703
vn -0.0824 -0.9659 0.2454
vn -0.4802 -0.2588 0.8381
vn -0.3516 -0.7071 0.6135
vn -0.1287 -0.9659 0.2246
vn -0.6345 -0.2588 0.7283
vn -0.4645 -0.7071 0.5331
vn -0.1700 -0.9659 0.1952
vn -0.7644 -0.2588 0.5905
vn -0.5596 -0.7071 0.4323
vn -0.2048 -0.9659 0.1582
vn -0.8649 -0.2588 0.4300
vn -0.6332 -0.7071 0.3148
vn -0.2318 -0.9659 0.1152
vn -0.9322 -0.2588 0.2530
vn -0.6824 -0.7071 0.1852
vn -0.2498 -0.9659 0.0678
vn -0.9636 -0.2588 0.0663
vn -0.7054 -0.7071 0.0485
vn -0.2582 -0.9659 0.0178
vn -0.9608 -0.2588 -0.1000
vn -0.7034 -0.7070 -0.0732
vn -0.2575 -0.9659 -0.0268
vn -0.9157 -0.2588 -0.3075
vn -0.6703 -0.7071 -0.2251
vn -0.2454 -0.9659 -0.0824
vn -0.8381 -0.2588 -0.4802
vn -0.6135 -0.7071 -0.3515
vn -0.2246 -0.9659 -0.1287
vn -0.7283 -0.2588 -0.6345
vn -0.5331 -0.7071 -0.4645
vn -0.1951 -0.9659 -0.1700
vn -0.5905 -0.2588 -0.7644
vn -0.4323 -0.7071 -0.5596
vn -0.1582 -0.9659 -0.2048
vn -0.4301 -0.2588 -0.8649
vn -0.3148 -0.7071 -0.6332
vn -0.1152 -0.9659 -0.2318
vn -0.2530 -0.2588 -0.9322
vn -0.1852 -0.7071 -0.6824
vn -0.0678 -0.9659 -0.2498
vn -0.0663 -0.2588 -0.9636
vn -0.0485 -0.7071 -0.7054
vn -0.0178 -0.9659 -0.2582
vn 0.0000 -1.0000 -0.0000
usemtl マテリアル.008
s off
f 970/1138/537 842/1139/537 846/1140/537 973/1141/537
f 981/1142/538 854/1143/538 858/1144/538 985/1145/538
f 985/1146/539 858/1147/539 862/1148/539 989/1149/539
f 989/1149/540 862/1148/540 866/1150/540 993/1151/540
f 993/1151/541 866/1150/541 870/1152/541 997/1153/541
f 997/1153/542 870/1152/542 874/1154/542 1001/1155/542
f 1001/1155/543 874/1154/543 878/1156/543 1005/1157/543
f 1005/1157/544 878/1156/544 882/1158/544 1009/1159/544
f 1009/1159/545 882/1158/545 886/1160/545 1013/1161/545
f 1013/1161/546 886/1160/546 890/1162/546 1017/1163/546
f 1017/1164/547 890/1165/547 894/1166/547 1021/1167/547
f 1021/1167/548 894/1166/548 898/1168/548 1025/1169/548
f 1025/1169/549 898/1168/549 902/1170/549 1029/1171/549
f 1029/1171/550 902/1170/550 906/1172/550 1033/1173/550
f 1033/1173/551 906/1172/551 910/1174/551 1037/1175/551
f 1037/1175/552 910/1174/552 914/1176/552 1041/1177/552
f 1041/1177/553 914/1176/553 918/1178/553 1045/1179/553
f 1045/1179/554 918/1178/554 922/1180/554 1049/1181/554
f 1049/1182/555 922/1183/555 926/1184/555 1053/1185/555
f 1053/1185/556 926/1184/556 930/1186/556 1057/1187/556
f 1057/1187/557 930/1186/557 934/1188/557 1061/1189/557
f 1061/1189/558 934/1188/558 938/1190/558 1065/1191/558
f 1065/1191/559 938/1190/559 942/1192/559 1069/1193/559
f 1069/1193/560 942/1192/560 946/1194/560 1073/1195/560
f 1073/1195/561 946/1194/561 950/1196/561 1077/1197/561
f 1077/1197/562 950/1196/562 954/1198/562 1081/1199/562
f 1081/1200/563 954/1201/563 958/1202/563 1085/1203/563
f 1085/1203/564 958/1202/564 962/1204/564 1089/1205/564
f 1089/1205/565 962/1204/565 966/1206/565 1093/1207/565
f 973/1141/566 846/1140/566 850/1208/566 977/1209/566
f 977/1209/567 850/1208/567 854/1143/567 981/1142/567
f 1093/1207/568 966/1206/568 842/1139/568 970/1138/568
f 846/1140/569 842/1139/569 844/1210/569 848/1211/569
f 848/1211/570 844/1210/570 843/1212/570 847/1213/570
f 847/1214/571 843/1215/571 841/1216/571 845/1217/571
f 850/1208/572 846/1140/572 848/1211/572 852/1218/572
f 852/1219/573 848/1220/573 847/1214/573 851/1221/573
f 851/1221/574 847/1214/574 845/1217/574 849/1222/574
f 854/1143/575 850/1208/575 852/1218/575 856/1223/575
f 856/1224/576 852/1219/576 851/1221/576 855/1225/576
f 855/1225/577 851/1221/577 849/1222/577 853/1226/577
f 858/1144/578 854/1143/578 856/1223/578 860/1227/578
f 860/1228/579 856/1224/579 855/1225/579 859/1229/579
f 859/1229/580 855/1225/580 853/1226/580 857/1230/580
f 862/1148/581 858/1147/581 860/1231/581 864/1232/581
f 864/1233/582 860/1228/582 859/1229/582 863/1234/582
f 863/1234/583 859/1229/583 857/1230/583 861/1235/583
f 866/1150/584 862/1148/584 864/1232/584 868/1236/584
f 868/1237/585 864/1233/585 863/1234/585 867/1238/585
f 867/1238/586 863/1234/586 861/1235/586 865/1239/586
f 870/1152/587 866/1150/587 868/1236/587 872/1240/587
f 872/1241/588 868/1237/588 867/1238/588 871/1242/588
f 871/1242/589 867/1238/589 865/1239/589 869/1243/589
f 874/1154/590 870/1152/590 872/1240/590 876/1244/590
f 876/1245/591 872/1241/591 871/1242/591 875/1246/591
f 875/1246/592 871/1242/592 869/1243/592 873/1247/592
f 878/1156/593 874/1154/593 876/1244/593 880/1248/593
f 880/1248/594 876/1244/594 875/1249/594 879/1250/594
f 879/1251/595 875/1246/595 873/1247/595 877/1252/595
f 882/1158/596 878/1156/596 880/1248/596 884/1253/596
f 884/1254/597 880/1255/597 879/1251/597 883/1256/597
f 883/1256/598 879/1251/598 877/1252/598 881/1257/598
f 886/1160/599 882/1158/599 884/1253/599 888/1258/599
f 888/1259/600 884/1254/600 883/1256/600 887/1260/600
f 887/1260/601 883/1256/601 881/1257/601 885/1261/601
f 890/1162/602 886/1160/602 888/1258/602 892/1262/602
f 892/1263/603 888/1259/603 887/1260/603 891/1264/603
f 891/1264/604 887/1260/604 885/1261/604 889/1265/604
f 894/1166/605 890/1165/605 892/1266/605 896/1267/605
f 896/1268/606 892/1263/606 891/1264/606 895/1269/606
f 895/1269/607 891/1264/607 889/1265/607 893/1270/607
f 898/1168/608 894/1166/608 896/1267/608 900/1271/608
f 900/1272/609 896/1268/609 895/1269/609 899/1273/609
f 899/1273/610 895/1269/610 893/1270/610 897/1274/610
f 902/1170/611 898/1168/611 900/1271/611 904/1275/611
f 904/1276/612 900/1272/612 899/1273/612 903/1277/612
f 903/1277/613 899/1273/613 897/1274/613 901/1278/613
f 906/1172/614 902/1170/614 904/1275/614 908/1279/614
f 908/1280/615 904/1276/615 903/1277/615 907/1281/615
f 907/1281/616 903/1277/616 901/1278/616 905/1282/616
f 910/1174/617 906/1172/617 908/1279/617 912/1283/617
f 912/1284/618 908/1280/618 907/1281/618 911/1285/618
f 911/1285/619 907/1281/619 905/1282/619 909/1286/619
f 914/1176/620 910/1174/620 912/1283/620 916/1287/620
f 916/1288/621 912/1284/621 911/1285/621 915/1289/621
f 915/1289/622 911/1285/622 909/1286/622 913/1290/622
f 918/1178/623 914/1176/623 916/1287/623 920/1291/623
f 920/1292/624 916/1288/624 915/1289/624 919/1293/624
f 919/1293/625 915/1289/625 913/1290/625 917/1294/625
f 922/1180/626 918/1178/626 920/1291/626 924/1295/626
f 924/1296/627 920/1292/627 919/1293/627 923/1297/627
f 923/1297/628 919/1293/628 917/1294/628 921/1298/628
f 926/1184/629 922/1183/629 924/1299/629 928/1300/629
f 928/1301/630 924/1296/630 923/1297/630 927/1302/630
f 927/1302/631 923/1297/631 921/1298/631 925/1303/631
f 930/1186/632 926/1184/632 928/1300/632 932/1304/632
f 932/1305/633 928/1301/633 927/1302/633 931/1306/633
f 931/1306/634 927/1302/634 925/1303/634 929/1307/634
f 934/1188/635 930/1186/635 932/1304/635 936/1308/635
f 936/1309/636 932/1305/636 931/1306/636 935/1310/636
f 935/1310/637 931/1306/637 929/1307/637 933/1311/637
f 938/1190/638 934/1188/638 936/1308/638 940/1312/638
f 940/1313/639 936/1309/639 935/1310/639 939/1314/639
f 939/1314/640 935/1310/640 933/1311/640 937/1315/640
f 942/1192/641 938/1190/641 940/1312/641 944/1316/641
f 944/1316/642 940/1312/642 939/1317/642 943/1318/642
f 943/1319/643 939/1314/643 937/1315/643 941/1320/643
f 946/1194/644 942/1192/644 944/1316/644 948/1321/644
f 948/1322/645 944/1323/645 943/1319/645 947/1324/645
f 947/1324/646 943/1319/646 941/1320/646 945/1325/646
f 950/1196/647 946/1194/647 948/1321/647 952/1326/647
f 952/1327/648 948/1322/648 947/1324/648 951/1328/648
f 951/1328/649 947/1324/649 945/1325/649 949/1329/649
f 954/1198/650 950/1196/650 952/1326/650 956/1330/650
f 956/1331/651 952/1327/651 951/1328/651 955/1332/651
f 955/1332/652 951/1328/652 949/1329/652 953/1333/652
f 958/1202/653 954/1201/653 956/1334/653 960/1335/653
f 960/1336/654 956/1331/654 955/1332/654 959/1337/654
f 959/1337/655 955/1332/655 953/1333/655 957/1338/655
f 962/1204/656 958/1202/656 960/1335/656 964/1339/656
f 964/1340/657 960/1336/657 959/1337/657 963/1341/657
f 963/1341/658 959/1337/658 957/1338/658 961/1342/658
f 966/1206/659 962/1204/659 964/1339/659 968/1343/659
f 968/1344/660 964/1340/660 963/1341/660 967/1345/660
f 967/1345/661 963/1341/661 961/1342/661 965/1346/661
f 842/1139/662 966/1206/662 968/1343/662 844/1210/662
f 844/1347/663 968/1344/663 967/1345/663 843/1215/663
f 843/1215/664 967/1345/664 965/1346/664 841/1216/664
f 845/1217/665 841/1216/665 965/1346/665 961/1342/665 957/1338/665 953/1333/665 949/1329/665 945/1325/665 941/1320/665 937/1315/665 933/1311/665 929/1307/665 925/1303/665 921/1298/665 917/1294/665 913/1290/665 909/1286/665 905/1282/665 901/1278/665 897/1274/665 893/1270/665 889/1265/665 885/1261/665 881/1257/665 877/1252/665 873/1247/665 869/1243/665 865/1239/665 861/1235/665 857/1230/665 853/1226/665 849/1222/665
f 970/1138/666 973/1141/666 975/1348/666 972/1349/666
f 972/1350/667 975/1351/667 976/1352/667 971/1353/667
f 971/1353/668 976/1352/668 974/1354/668 969/1355/668
f 973/1141/669 977/1209/669 979/1356/669 975/1348/669
f 975/1351/670 979/1357/670 980/1358/670 976/1352/670
f 976/1352/671 980/1358/671 978/1359/671 974/1354/671
f 977/1209/672 981/1142/672 983/1360/672 979/1356/672
f 979/1357/673 983/1361/673 984/1362/673 980/1358/673
f 980/1358/674 984/1362/674 982/1363/674 978/1359/674
f 981/1142/675 985/1145/675 987/1364/675 983/1360/675
f 983/1361/676 987/1365/676 988/1366/676 984/1362/676
f 984/1362/677 988/1366/677 986/1367/677 982/1363/677
f 985/1146/678 989/1149/678 991/1368/678 987/1369/678
f 987/1365/679 991/1370/679 992/1371/679 988/1366/679
f 988/1366/680 992/1371/680 990/1372/680 986/1367/680
f 989/1149/681 993/1151/681 995/1373/681 991/1368/681
f 991/1370/682 995/1374/682 996/1375/682 992/1371/682
f 992/1371/683 996/1375/683 994/1376/683 990/1372/683
f 993/1151/684 997/1153/684 999/1377/684 995/1373/684
f 995/1374/685 999/1378/685 1000/1379/685 996/1375/685
f 996/1375/686 1000/1379/686 998/1380/686 994/1376/686
f 997/1153/687 1001/1155/687 1003/1381/687 999/1377/687
f 999/1378/688 1003/1382/688 1004/1383/688 1000/1379/688
f 1000/1379/689 1004/1383/689 1002/1384/689 998/1380/689
f 1001/1155/690 1005/1157/690 1007/1385/690 1003/1381/690
f 1003/1382/691 1007/1386/691 1008/1387/691 1004/1383/691
f 1004/1383/692 1008/1387/692 1006/1388/692 1002/1384/692
f 1005/1157/693 1009/1159/693 1011/1389/693 1007/1385/693
f 1007/1386/694 1011/1390/694 1012/1391/694 1008/1387/694
f 1008/1387/695 1012/1391/695 1010/1392/695 1006/1388/695
f 1009/1159/696 1013/1161/696 1015/1393/696 1011/1389/696
f 1011/1390/697 1015/1394/697 1016/1395/697 1012/1391/697
f 1012/1391/698 1016/1395/698 1014/1396/698 1010/1392/698
f 1013/1161/699 1017/1163/699 1019/1397/699 1015/1393/699
f 1015/1394/700 1019/1398/700 1020/1399/700 1016/1395/700
f 1016/1395/701 1020/1399/701 1018/1400/701 1014/1396/701
f 1017/1164/702 1021/1167/702 1023/1401/702 1019/1402/702
f 1019/1398/703 1023/1403/703 1024/1404/703 1020/1399/703
f 1020/1399/704 1024/1404/704 1022/1405/704 1018/1400/704
f 1021/1167/705 1025/1169/705 1027/1406/705 1023/1401/705
f 1023/1403/706 1027/1407/706 1028/1408/706 1024/1404/706
f 1024/1404/707 1028/1408/707 1026/1409/707 1022/1405/707
f 1025/1169/708 1029/1171/708 1031/1410/708 1027/1406/708
f 1027/1407/709 1031/1411/709 1032/1412/709 1028/1408/709
f 1028/1408/710 1032/1412/710 1030/1413/710 1026/1409/710
f 1029/1171/711 1033/1173/711 1035/1414/711 1031/1410/711
f 1031/1411/712 1035/1415/712 1036/1416/712 1032/1412/712
f 1032/1412/713 1036/1416/713 1034/1417/713 1030/1413/713
f 1033/1173/714 1037/1175/714 1039/1418/714 1035/1414/714
f 1035/1414/715 1039/1418/715 1040/1419/715 1036/1420/715
f 1036/1416/716 1040/1421/716 1038/1422/716 1034/1417/716
f 1037/1175/717 1041/1177/717 1043/1423/717 1039/1418/717
f 1039/1424/718 1043/1425/718 1044/1426/718 1040/1421/718
f 1040/1421/719 1044/1426/719 1042/1427/719 1038/1422/719
f 1041/1177/720 1045/1179/720 1047/1428/720 1043/1423/720
f 1043/1425/721 1047/1429/721 1048/1430/721 1044/1426/721
f 1044/1426/722 1048/1430/722 1046/1431/722 1042/1427/722
f 1045/1179/723 1049/1181/723 1051/1432/723 1047/1428/723
f 1047/1429/724 1051/1433/724 1052/1434/724 1048/1430/724
f 1048/1430/725 1052/1434/725 1050/1435/725 1046/1431/725
f 1049/1182/726 1053/1185/726 1055/1436/726 1051/1437/726
f 1051/1433/727 1055/1438/727 1056/1439/727 1052/1434/727
f 1052/1434/728 1056/1439/728 1054/1440/728 1050/1435/728
f 1053/1185/729 1057/1187/729 1059/1441/729 1055/1436/729
f 1055/1438/730 1059/1442/730 1060/1443/730 1056/1439/730
f 1056/1439/731 1060/1443/731 1058/1444/731 1054/1440/731
f 1057/1187/732 1061/1189/732 1063/1445/732 1059/1441/732
f 1059/1442/733 1063/1446/733 1064/1447/733 1060/1443/733
f 1060/1443/734 1064/1447/734 1062/1448/734 1058/1444/734
f 1061/1189/735 1065/1191/735 1067/1449/735 1063/1445/735
f 1063/1446/736 1067/1450/736 1068/1451/736 1064/1447/736
f 1064/1447/737 1068/1451/737 1066/1452/737 1062/1448/737
f 1065/1191/738 1069/1193/738 1071/1453/738 1067/1449/738
f 1067/1450/739 1071/1454/739 1072/1455/739 1068/1451/739
f 1068/1451/740 1072/1455/740 1070/1456/740 1066/1452/740
f 1069/1193/741 1073/1195/741 1075/1457/741 1071/1453/741
f 1071/1454/742 1075/1458/742 1076/1459/742 1072/1455/742
f 1072/1455/743 1076/1459/743 1074/1460/743 1070/1456/743
f 1073/1195/744 1077/1197/744 1079/1461/744 1075/1457/744
f 1075/1458/745 1079/1462/745 1080/1463/745 1076/1459/745
f 1076/1459/746 1080/1463/746 1078/1464/746 1074/1460/746
f 1077/1197/747 1081/1199/747 1083/1465/747 1079/1461/747
f 1079/1462/748 1083/1466/748 1084/1467/748 1080/1463/748
f 1080/1463/749 1084/1467/749 1082/1468/749 1078/1464/749
f 1081/1200/750 1085/1203/750 1087/1469/750 1083/1470/750
f 1083/1466/751 1087/1471/751 1088/1472/751 1084/1467/751
f 1084/1467/752 1088/1472/752 1086/1473/752 1082/1468/752
f 1085/1203/753 1089/1205/753 1091/1474/753 1087/1469/753
f 1087/1471/754 1091/1475/754 1092/1476/754 1088/1472/754
f 1088/1472/755 1092/1476/755 1090/1477/755 1086/1473/755
f 1089/1205/756 1093/1207/756 1095/1478/756 1091/1474/756
f 1091/1475/757 1095/1479/757 1096/1480/757 1092/1476/757
f 1092/1476/758 1096/1480/758 1094/1481/758 1090/1477/758
f 1093/1207/759 970/1138/759 972/1349/759 1095/1478/759
f 1095/1479/760 972/1350/760 971/1353/760 1096/1480/760
f 1096/1480/761 971/1353/761 969/1355/761 1094/1481/761
f 969/1355/762 974/1354/762 978/1359/762 982/1363/762 986/1367/762 990/1372/762 994/1376/762 998/1380/762 1002/1384/762 1006/1388/762 1010/1392/762 1014/1396/762 1018/1400/762 1022/1405/762 1026/1409/762 1030/1413/762 1034/1417/762 1038/1422/762 1042/1427/762 1046/1431/762 1050/1435/762 1054/1440/762 1058/1444/762 1062/1448/762 1066/1452/762 1070/1456/762 1074/1460/762 1078/1464/762 1082/1468/762 1086/1473/762 1090/1477/762 1094/1481/762
o 眼鏡突起2_円柱.006
v -3.746849 6.654492 -2.941040
v -3.745027 6.589650 -3.006160
v -3.745938 6.645805 -2.973600
v -3.745271 6.622071 -2.997436
v -0.967407 6.654492 -2.577490
v -0.952910 6.589650 -2.641023
v -0.960158 6.645805 -2.609256
v -0.954853 6.622071 -2.632511
v -0.881660 6.654492 -2.548694
v -0.854964 6.589650 -2.608130
v -0.868312 6.645805 -2.578412
v -0.858540 6.622071 -2.600167
v -0.803096 6.654492 -2.503675
v -0.765317 6.589650 -2.556761
v -0.784206 6.645805 -2.530218
v -0.770378 6.622071 -2.549649
v -0.734824 6.654492 -2.444195
v -0.687414 6.589650 -2.488889
v -0.711118 6.645805 -2.466542
v -0.693766 6.622071 -2.482901
v -0.679468 6.654492 -2.372537
v -0.624249 6.589650 -2.407124
v -0.651858 6.645805 -2.389831
v -0.631647 6.622071 -2.402490
v -0.639154 6.654492 -2.291457
v -0.578249 6.589650 -2.314606
v -0.608702 6.645805 -2.303032
v -0.586409 6.622071 -2.311506
v -0.615433 6.654492 -2.204071
v -0.551183 6.589650 -2.214893
v -0.583308 6.645805 -2.209482
v -0.559791 6.622071 -2.213443
v -0.609210 6.654492 -2.113636
v -0.544089 6.589650 -2.111815
v -0.576649 6.645805 -2.112726
v -0.552814 6.622071 -2.112059
v -0.757244 6.654492 -0.688895
v -0.693711 6.589650 -0.674400
v -0.725477 6.645805 -0.681647
v -0.702223 6.622071 -0.676342
v -0.786039 6.654492 -0.603150
v -0.726603 6.589650 -0.576453
v -0.756321 6.645805 -0.589802
v -0.734566 6.622071 -0.580030
v -0.831058 6.654492 -0.524586
v -0.777972 6.589650 -0.486806
v -0.804515 6.645805 -0.505696
v -0.785085 6.622071 -0.491868
v -0.890539 6.654492 -0.456312
v -0.845844 6.589650 -0.408903
v -0.868191 6.645805 -0.432608
v -0.851832 6.622071 -0.415255
v -0.962196 6.654492 -0.400956
v -0.927610 6.589650 -0.345739
v -0.944903 6.645805 -0.373348
v -0.932243 6.622071 -0.353136
v -1.043276 6.654492 -0.360643
v -1.020126 6.589650 -0.299739
v -1.031701 6.645805 -0.330191
v -1.023228 6.622071 -0.307898
v -1.130664 6.654492 -0.336923
v -1.119840 6.589650 -0.272672
v -1.125252 6.645805 -0.304798
v -1.121290 6.622071 -0.281281
v -1.221096 6.654492 -0.330699
v -1.222918 6.589650 -0.265579
v -1.222007 6.645805 -0.298139
v -1.222674 6.622071 -0.274303
v -4.000538 6.654492 -0.694250
v -4.015035 6.589650 -0.630717
v -4.007787 6.645805 -0.662483
v -4.013093 6.622071 -0.639228
v -4.086285 6.654492 -0.723045
v -4.112981 6.589650 -0.663610
v -4.099633 6.645805 -0.693327
v -4.109404 6.622071 -0.671572
v -4.164849 6.654492 -0.768064
v -4.202628 6.589650 -0.714979
v -4.183739 6.645805 -0.741521
v -4.197567 6.622071 -0.722091
v -4.233121 6.654492 -0.827544
v -4.280531 6.589650 -0.782850
v -4.256826 6.645805 -0.805197
v -4.274179 6.622071 -0.788838
v -4.288478 6.654492 -0.899203
v -4.343697 6.589650 -0.864615
v -4.316088 6.645805 -0.881909
v -4.336298 6.622071 -0.869249
v -4.328791 6.654492 -0.980282
v -4.389696 6.589650 -0.957132
v -4.359244 6.645805 -0.968708
v -4.381536 6.622071 -0.960234
v -4.352512 6.654492 -1.067668
v -4.416762 6.589650 -1.056846
v -4.384637 6.645805 -1.062257
v -4.408154 6.622071 -1.058296
v -4.358735 6.654492 -1.158103
v -4.423856 6.589650 -1.159924
v -4.391295 6.645805 -1.159014
v -4.415132 6.622071 -1.159680
v -4.210701 6.654492 -2.582845
v -4.274235 6.589650 -2.597340
v -4.242468 6.645805 -2.590092
v -4.265723 6.622071 -2.595398
v -4.181907 6.654492 -2.668589
v -4.241342 6.589650 -2.695286
v -4.211624 6.645805 -2.681937
v -4.233379 6.622071 -2.691709
v -4.136888 6.654492 -2.747154
v -4.189973 6.589650 -2.784933
v -4.163430 6.645805 -2.766044
v -4.182861 6.622071 -2.779871
v -4.077406 6.654492 -2.815426
v -4.122101 6.589650 -2.862836
v -4.099754 6.645805 -2.839131
v -4.116114 6.622071 -2.856484
v -4.005750 6.654492 -2.870782
v -4.040337 6.589650 -2.926001
v -4.023043 6.645805 -2.898392
v -4.035702 6.622071 -2.918603
v -3.924669 6.654492 -2.911097
v -3.947819 6.589650 -2.972001
v -3.936244 6.645805 -2.941548
v -3.944717 6.622071 -2.963841
v -3.837283 6.654492 -2.934817
v -3.848105 6.589650 -2.999068
v -3.842694 6.645805 -2.966942
v -3.846655 6.622071 -2.990459
v -3.746190 6.264799 -2.964597
v -3.745027 6.306184 -3.006160
v -3.745609 6.270343 -2.985379
v -3.745183 6.285491 -3.000592
v -0.952910 6.306184 -2.641023
v -0.962163 6.264799 -2.600473
v -0.954150 6.285491 -2.635590
v -0.957537 6.270343 -2.620748
v -0.854964 6.306184 -2.608130
v -0.872002 6.264799 -2.570195
v -0.857246 6.285491 -2.603048
v -0.863483 6.270343 -2.589162
v -0.765317 6.306184 -2.556761
v -0.789429 6.264799 -2.522879
v -0.768547 6.285491 -2.552222
v -0.777373 6.270343 -2.539820
v -0.687414 6.306184 -2.488889
v -0.717673 6.264799 -2.460363
v -0.691468 6.285491 -2.485067
v -0.702544 6.270343 -2.474626
v -0.624249 6.306184 -2.407124
v -0.659492 6.264799 -2.385048
v -0.628971 6.285491 -2.404166
v -0.641871 6.270343 -2.396086
v -0.578249 6.306184 -2.314606
v -0.617122 6.264799 -2.299832
v -0.583457 6.285491 -2.312627
v -0.597686 6.270343 -2.307220
v -0.551183 6.306184 -2.214893
v -0.592191 6.264799 -2.207985
v -0.556677 6.285491 -2.213968
v -0.571687 6.270343 -2.211439
v -0.544089 6.306184 -2.111815
v -0.585653 6.264799 -2.112978
v -0.549658 6.285491 -2.111971
v -0.564871 6.270343 -2.112397
v -0.693711 6.306184 -0.674400
v -0.734261 6.264799 -0.683651
v -0.699144 6.285491 -0.675640
v -0.713986 6.270343 -0.679025
v -0.726603 6.306184 -0.576453
v -0.764538 6.264799 -0.593493
v -0.731686 6.285491 -0.578736
v -0.745571 6.270343 -0.584973
v -0.777972 6.306184 -0.486806
v -0.811854 6.264799 -0.510920
v -0.782512 6.285491 -0.490037
v -0.794913 6.270343 -0.498863
v -0.845844 6.306184 -0.408903
v -0.874370 6.264799 -0.439163
v -0.849666 6.285491 -0.412958
v -0.860107 6.270343 -0.424033
v -0.927610 6.306184 -0.345739
v -0.949685 6.264799 -0.380982
v -0.930567 6.285491 -0.350460
v -0.938647 6.270343 -0.363360
v -1.020126 6.306184 -0.299739
v -1.034902 6.264799 -0.338611
v -1.022106 6.285491 -0.304947
v -1.027514 6.270343 -0.319175
v -1.119840 6.306184 -0.272672
v -1.126748 6.264799 -0.313681
v -1.120766 6.285491 -0.278167
v -1.123294 6.270343 -0.293176
v -1.222918 6.306184 -0.265579
v -1.221755 6.264799 -0.307142
v -1.222762 6.285491 -0.271147
v -1.222336 6.270343 -0.286361
v -4.015035 6.306184 -0.630717
v -4.005782 6.264799 -0.671267
v -4.013795 6.285491 -0.636150
v -4.010408 6.270343 -0.650992
v -4.112981 6.306184 -0.663610
v -4.095942 6.264799 -0.701545
v -4.110698 6.285491 -0.668692
v -4.104462 6.270343 -0.682577
v -4.202628 6.306184 -0.714979
v -4.178516 6.264799 -0.748860
v -4.199398 6.285491 -0.719518
v -4.190572 6.270343 -0.731919
v -4.280531 6.306184 -0.782850
v -4.250272 6.264799 -0.811377
v -4.276477 6.285491 -0.786672
v -4.265401 6.270343 -0.797114
v -4.343697 6.306184 -0.864615
v -4.308454 6.264799 -0.886691
v -4.338975 6.285491 -0.867573
v -4.326075 6.270343 -0.875653
v -4.389696 6.306184 -0.957132
v -4.350823 6.264799 -0.971908
v -4.384488 6.285491 -0.959112
v -4.370259 6.270343 -0.964520
v -4.416762 6.306184 -1.056846
v -4.375754 6.264799 -1.063754
v -4.411268 6.285491 -1.057771
v -4.396258 6.270343 -1.060300
v -4.423856 6.306184 -1.159924
v -4.382293 6.264799 -1.158762
v -4.418287 6.285491 -1.159769
v -4.403074 6.270343 -1.159343
v -4.274235 6.306184 -2.597340
v -4.233685 6.264799 -2.588089
v -4.268802 6.285491 -2.596100
v -4.253960 6.270343 -2.592714
v -4.241342 6.306184 -2.695286
v -4.203407 6.264799 -2.678246
v -4.236259 6.285491 -2.693003
v -4.222374 6.270343 -2.686767
v -4.189973 6.306184 -2.784933
v -4.156091 6.264799 -2.760820
v -4.185434 6.285491 -2.781703
v -4.173032 6.270343 -2.772877
v -4.122101 6.306184 -2.862836
v -4.093575 6.264799 -2.832576
v -4.118279 6.285491 -2.858782
v -4.107838 6.270343 -2.847706
v -4.040337 6.306184 -2.926001
v -4.018261 6.264799 -2.890758
v -4.037378 6.285491 -2.921279
v -4.029298 6.270343 -2.908380
v -3.947819 6.306184 -2.972001
v -3.933044 6.264799 -2.933128
v -3.945839 6.285491 -2.966793
v -3.940431 6.270343 -2.952564
v -3.848105 6.306184 -2.999068
v -3.841197 6.264799 -2.958060
v -3.847180 6.285491 -2.993573
v -3.844651 6.270343 -2.978564
vt 0.169504 0.871029
vt 0.219672 0.870690
vt 0.215829 0.301526
vt 0.165661 0.301864
vt 0.165426 0.267068
vt 0.215594 0.266730
vt 0.215492 0.251557
vt 0.165324 0.251895
vt 0.162877 0.777975
vt 0.128883 0.778204
vt 0.128824 0.769416
vt 0.162818 0.769186
vt 0.128754 0.759092
vt 0.162748 0.758863
vt 0.128677 0.747630
vt 0.162671 0.747401
vt 0.128595 0.735470
vt 0.162589 0.735241
vt 0.124786 0.171332
vt 0.158780 0.171103
vt 0.124704 0.159187
vt 0.158698 0.158958
vt 0.124626 0.147754
vt 0.158621 0.147525
vt 0.124557 0.137473
vt 0.158551 0.137243
vt 0.066674 0.239023
vt 0.116843 0.238684
vt 0.116930 0.251654
vt 0.066762 0.251993
vt 0.117033 0.266890
vt 0.066865 0.267229
vt 0.117147 0.283805
vt 0.066979 0.284144
vt 0.117268 0.301751
vt 0.067100 0.302090
vt 0.121111 0.870915
vt 0.070943 0.871254
vt 0.121232 0.888839
vt 0.071064 0.889178
vt 0.121346 0.905712
vt 0.071178 0.906050
vt 0.121449 0.920884
vt 0.071281 0.921223
vt 0.140282 0.956645
vt 0.140472 0.984911
vt 0.147780 0.984862
vt 0.147589 0.956596
vt 0.156364 0.984804
vt 0.156173 0.956538
vt 0.165895 0.984739
vt 0.165704 0.956473
vt 0.176006 0.984671
vt 0.175815 0.956405
vt 0.645086 0.981504
vt 0.644895 0.953238
vt 0.655185 0.981436
vt 0.654994 0.953170
vt 0.664691 0.981371
vt 0.664500 0.953105
vt 0.673240 0.981314
vt 0.673049 0.953048
vt 0.169930 0.934095
vt 0.220098 0.933757
vt 0.220011 0.920787
vt 0.169842 0.921126
vt 0.219908 0.905551
vt 0.169740 0.905890
vt 0.219793 0.888636
vt 0.169625 0.888974
vt 0.215708 0.283602
vt 0.165540 0.283941
vt 0.225409 0.870503
vt 0.221568 0.301641
vt 0.229607 0.870067
vt 0.225772 0.302033
vt 0.862924 0.390341
vt 0.862972 0.869527
vt 0.858131 0.869058
vt 0.858084 0.390825
vt 0.221449 0.284016
vt 0.863463 0.375118
vt 0.866468 0.389986
vt 0.860059 0.376162
vt 0.855409 0.377588
vt 0.221337 0.267423
vt 0.857614 0.361120
vt 0.854479 0.362808
vt 0.850197 0.365114
vt 0.221237 0.252502
vt 0.849147 0.348533
vt 0.846402 0.350800
vt 0.842652 0.353897
vt 0.124990 0.777423
vt 0.124931 0.768781
vt 0.838387 0.337839
vt 0.836137 0.340598
vt 0.833063 0.344367
vt 0.124863 0.758628
vt 0.825748 0.329449
vt 0.824079 0.332595
vt 0.821799 0.336891
vt 0.124787 0.747356
vt 0.811714 0.323687
vt 0.810691 0.327097
vt 0.809294 0.331756
vt 0.124706 0.735395
vt 0.796824 0.320773
vt 0.796481 0.324316
vt 0.796012 0.329157
vt 0.120898 0.171463
vt 0.121858 0.735139
vt 0.118054 0.171767
vt 0.095109 0.324364
vt 0.095593 0.329204
vt 0.120818 0.159520
vt 0.079887 0.323825
vt 0.094754 0.320820
vt 0.080931 0.327229
vt 0.082357 0.331879
vt 0.120742 0.148277
vt 0.065889 0.329674
vt 0.067577 0.332809
vt 0.069883 0.337091
vt 0.120674 0.138166
vt 0.053301 0.338141
vt 0.055569 0.340886
vt 0.058666 0.344637
vt 0.122589 0.239837
vt 0.122675 0.252592
vt 0.042607 0.348901
vt 0.045367 0.351151
vt 0.049136 0.354225
vt 0.122776 0.267575
vt 0.034218 0.361540
vt 0.037363 0.363209
vt 0.041660 0.365489
vt 0.122888 0.284211
vt 0.028456 0.375574
vt 0.031866 0.376597
vt 0.036525 0.377995
vt 0.123007 0.301861
vt 0.025541 0.390464
vt 0.029085 0.390807
vt 0.033925 0.391276
vt 0.126848 0.870723
vt 0.025589 0.870348
vt 0.029132 0.869993
vt 0.033973 0.869509
vt 0.126967 0.888347
vt 0.028594 0.885216
vt 0.031998 0.884172
vt 0.036648 0.882745
vt 0.127079 0.904940
vt 0.034442 0.899213
vt 0.037577 0.897525
vt 0.041860 0.895219
vt 0.127180 0.919862
vt 0.042909 0.911801
vt 0.045655 0.909534
vt 0.049405 0.906437
vt 0.141165 0.988139
vt 0.148352 0.988091
vt 0.053669 0.922495
vt 0.055920 0.919736
vt 0.058994 0.915967
vt 0.156794 0.988034
vt 0.066309 0.930884
vt 0.067978 0.927739
vt 0.070257 0.923443
vt 0.166167 0.987971
vt 0.080342 0.936647
vt 0.081365 0.933236
vt 0.082763 0.928578
vt 0.176112 0.987903
vt 0.095232 0.939561
vt 0.095576 0.936018
vt 0.096045 0.931177
vt 0.645021 0.984737
vt 0.176357 0.990268
vt 0.644800 0.987106
vt 0.796948 0.935970
vt 0.796463 0.931130
vt 0.654951 0.984670
vt 0.812170 0.936508
vt 0.797302 0.939513
vt 0.811126 0.933104
vt 0.809700 0.928454
vt 0.664300 0.984607
vt 0.826168 0.930660
vt 0.824480 0.927525
vt 0.822174 0.923242
vt 0.672707 0.984550
vt 0.838755 0.922193
vt 0.836488 0.919448
vt 0.833391 0.915697
vt 0.225828 0.932527
vt 0.225742 0.919772
vt 0.849449 0.911433
vt 0.846690 0.909183
vt 0.842921 0.906109
vt 0.225641 0.904788
vt 0.857839 0.898793
vt 0.854693 0.897125
vt 0.850397 0.894845
vt 0.225528 0.888153
vt 0.863601 0.884760
vt 0.860191 0.883737
vt 0.855532 0.882339
vt 0.866515 0.869870
vt 0.162000 0.301987
vt 0.165841 0.870959
vt 0.866984 0.869916
vt 0.866937 0.389939
vt 0.864675 0.390165
vt 0.864723 0.869696
vt 0.861586 0.390475
vt 0.861633 0.869397
vt 0.161880 0.284255
vt 0.863913 0.374980
vt 0.861741 0.375646
vt 0.858773 0.376556
vt 0.161767 0.267561
vt 0.858029 0.360897
vt 0.856028 0.361974
vt 0.853295 0.363446
vt 0.161666 0.252548
vt 0.849511 0.348232
vt 0.847759 0.349680
vt 0.845365 0.351656
vt 0.165297 0.768747
vt 0.165355 0.777443
vt 0.838685 0.337473
vt 0.837249 0.339234
vt 0.835287 0.341640
vt 0.165228 0.758533
vt 0.825969 0.329033
vt 0.824903 0.331040
vt 0.823449 0.333783
vt 0.165151 0.747192
vt 0.811850 0.323236
vt 0.811197 0.325412
vt 0.810305 0.328386
vt 0.165070 0.735160
vt 0.796870 0.320304
vt 0.796651 0.322565
vt 0.796351 0.325655
vt 0.161262 0.171153
vt 0.094707 0.320351
vt 0.094934 0.322613
vt 0.095243 0.325702
vt 0.161181 0.159137
vt 0.079748 0.323375
vt 0.080415 0.325547
vt 0.081325 0.328515
vt 0.161104 0.147825
vt 0.065665 0.329259
vt 0.066743 0.331260
vt 0.068215 0.333993
vt 0.161036 0.137652
vt 0.053001 0.337777
vt 0.054448 0.339530
vt 0.056425 0.341923
vt 0.063104 0.252641
vt 0.063017 0.239808
vt 0.042242 0.348603
vt 0.044003 0.350039
vt 0.046409 0.352001
vt 0.063206 0.267715
vt 0.033801 0.361319
vt 0.035809 0.362385
vt 0.038551 0.363840
vt 0.063319 0.284452
vt 0.028004 0.375438
vt 0.030181 0.376091
vt 0.033154 0.376983
vt 0.063439 0.302209
vt 0.025072 0.390418
vt 0.027334 0.390637
vt 0.030423 0.390937
vt 0.067280 0.871181
vt 0.064598 0.870930
vt 0.060759 0.302487
vt 0.027381 0.870168
vt 0.030471 0.869859
vt 0.067400 0.888913
vt 0.025120 0.870395
vt 0.028143 0.885354
vt 0.030316 0.884688
vt 0.033284 0.883777
vt 0.067513 0.905607
vt 0.034027 0.899437
vt 0.036028 0.898359
vt 0.038762 0.896888
vt 0.067614 0.920620
vt 0.042546 0.912101
vt 0.044298 0.910654
vt 0.046692 0.908677
vt 0.147926 0.954530
vt 0.140696 0.954579
vt 0.053371 0.922861
vt 0.054808 0.921099
vt 0.056770 0.918694
vt 0.156420 0.954472
vt 0.066088 0.931301
vt 0.067153 0.929293
vt 0.068608 0.926551
vt 0.165850 0.954409
vt 0.080207 0.937098
vt 0.080860 0.934922
vt 0.081752 0.931948
vt 0.175855 0.954341
vt 0.095187 0.940030
vt 0.095406 0.937768
vt 0.095705 0.934679
vt 0.644826 0.951175
vt 0.797349 0.939983
vt 0.797123 0.937721
vt 0.796814 0.934632
vt 0.654817 0.951107
vt 0.812308 0.936959
vt 0.811642 0.934787
vt 0.810732 0.931819
vt 0.664223 0.951044
vt 0.826391 0.931075
vt 0.825314 0.929074
vt 0.823842 0.926341
vt 0.672681 0.950987
vt 0.839056 0.922556
vt 0.837609 0.920804
vt 0.835632 0.918411
vt 0.166176 0.920527
vt 0.166263 0.933360
vt 0.849815 0.911731
vt 0.848054 0.910295
vt 0.845648 0.908333
vt 0.166074 0.905453
vt 0.858255 0.899014
vt 0.856248 0.897949
vt 0.853505 0.896494
vt 0.165961 0.888716
vt 0.864053 0.884895
vt 0.861876 0.884242
vt 0.858903 0.883350
vn 0.1297 0.0000 -0.9916
vn 0.6569 0.0000 -0.7540
vn 0.7914 0.0000 -0.6113
vn 0.8954 0.0000 -0.4452
vn 0.9651 0.0000 -0.2620
vn 0.9976 0.0000 -0.0687
vn 0.9946 0.0000 0.1035
vn 0.9480 0.0000 0.3183
vn 0.8677 0.0000 0.4972
vn 0.7540 0.0000 0.6569
vn 0.6113 0.0000 0.7914
vn 0.4452 0.0000 0.8954
vn 0.2620 0.0000 0.9651
vn 0.0687 0.0000 0.9976
vn -0.1297 0.0000 0.9916
vn -0.3184 0.0000 0.9480
vn -0.4972 0.0000 0.8676
vn -0.6569 0.0000 0.7540
vn -0.7914 0.0000 0.6113
vn -0.8954 0.0000 0.4452
vn -0.9651 0.0000 0.2620
vn -0.9976 0.0000 0.0687
vn -0.9946 0.0000 -0.1035
vn -0.9480 0.0000 -0.3184
vn -0.8677 0.0000 -0.4972
vn -0.7540 0.0000 -0.6569
vn -0.6113 0.0000 -0.7914
vn -0.4452 0.0000 -0.8954
vn -0.2620 0.0000 -0.9651
vn 0.3184 0.0000 -0.9480
vn 0.4972 0.0000 -0.8676
vn -0.0686 0.0000 -0.9976
vn 0.1253 0.2588 -0.9578
vn 0.0917 0.7071 -0.7011
vn 0.0336 0.9659 -0.2566
vn 0.3075 0.2588 -0.9157
vn 0.2251 0.7071 -0.6703
vn 0.0824 0.9659 -0.2454
vn 0.4802 0.2588 -0.8381
vn 0.3516 0.7071 -0.6135
vn 0.1287 0.9659 -0.2246
vn 0.6345 0.2588 -0.7283
vn 0.4645 0.7071 -0.5332
vn 0.1700 0.9659 -0.1951
vn 0.7644 0.2588 -0.5905
vn 0.5596 0.7071 -0.4323
vn 0.2048 0.9659 -0.1582
vn 0.8649 0.2588 -0.4300
vn 0.6332 0.7071 -0.3148
vn 0.2317 0.9659 -0.1152
vn 0.9322 0.2588 -0.2530
vn 0.6824 0.7071 -0.1852
vn 0.2498 0.9659 -0.0678
vn 0.9636 0.2588 -0.0663
vn 0.7054 0.7071 -0.0485
vn 0.2582 0.9659 -0.0178
vn 0.9608 0.2588 0.1000
vn 0.7034 0.7070 0.0732
vn 0.2575 0.9659 0.0268
vn 0.9157 0.2588 0.3075
vn 0.6703 0.7071 0.2251
vn 0.2453 0.9659 0.0824
vn 0.8381 0.2588 0.4802
vn 0.6135 0.7071 0.3516
vn 0.2246 0.9659 0.1287
vn 0.7283 0.2588 0.6345
vn 0.5331 0.7071 0.4645
vn 0.1951 0.9659 0.1700
vn 0.5905 0.2588 0.7644
vn 0.4323 0.7071 0.5596
vn 0.1582 0.9659 0.2048
vn 0.4300 0.2588 0.8649
vn 0.3148 0.7071 0.6332
vn 0.1152 0.9659 0.2317
vn 0.2530 0.2588 0.9322
vn 0.1852 0.7071 0.6824
vn 0.0678 0.9659 0.2498
vn 0.0663 0.2588 0.9636
vn 0.0485 0.7071 0.7054
vn 0.0178 0.9659 0.2582
vn -0.1253 0.2588 0.9578
vn -0.0917 0.7071 0.7011
vn -0.0336 0.9659 0.2566
vn -0.3075 0.2588 0.9157
vn -0.2251 0.7071 0.6703
vn -0.0824 0.9659 0.2454
vn -0.4802 0.2588 0.8381
vn -0.3516 0.7071 0.6135
vn -0.1287 0.9659 0.2246
vn -0.6345 0.2588 0.7283
vn -0.4645 0.7071 0.5331
vn -0.1700 0.9659 0.1951
vn -0.7644 0.2588 0.5905
vn -0.5596 0.7071 0.4323
vn -0.2048 0.9659 0.1582
vn -0.8649 0.2588 0.4300
vn -0.6332 0.7071 0.3148
vn -0.2317 0.9659 0.1152
vn -0.9322 0.2588 0.2530
vn -0.6824 0.7071 0.1852
vn -0.2498 0.9659 0.0678
vn -0.9636 0.2588 0.0663
vn -0.7054 0.7071 0.0485
vn -0.2582 0.9659 0.0178
vn -0.9608 0.2588 -0.1000
vn -0.7034 0.7070 -0.0732
vn -0.2575 0.9659 -0.0268
vn -0.9157 0.2588 -0.3075
vn -0.6703 0.7071 -0.2251
vn -0.2454 0.9659 -0.0824
vn -0.8381 0.2588 -0.4802
vn -0.6135 0.7071 -0.3515
vn -0.2246 0.9659 -0.1287
vn -0.7283 0.2588 -0.6345
vn -0.5331 0.7071 -0.4645
vn -0.1951 0.9659 -0.1700
vn -0.5905 0.2588 -0.7644
vn -0.4323 0.7071 -0.5596
vn -0.1582 0.9659 -0.2048
vn -0.4300 0.2588 -0.8649
vn -0.3148 0.7071 -0.6332
vn -0.1152 0.9659 -0.2318
vn -0.2530 0.2588 -0.9322
vn -0.1852 0.7071 -0.6824
vn -0.0678 0.9659 -0.2498
vn -0.0663 0.2588 -0.9636
vn -0.0485 0.7071 -0.7054
vn -0.0178 0.9659 -0.2582
vn 0.0000 1.0000 0.0000
vn 0.1253 -0.2588 -0.9578
vn 0.0917 -0.7071 -0.7012
vn 0.0336 -0.9659 -0.2566
vn 0.3075 -0.2588 -0.9157
vn 0.2251 -0.7071 -0.6703
vn 0.0824 -0.9659 -0.2453
vn 0.4802 -0.2588 -0.8381
vn 0.3516 -0.7071 -0.6135
vn 0.1287 -0.9659 -0.2246
vn 0.6345 -0.2588 -0.7283
vn 0.4645 -0.7071 -0.5331
vn 0.1700 -0.9659 -0.1951
vn 0.7644 -0.2588 -0.5905
vn 0.5596 -0.7071 -0.4323
vn 0.2048 -0.9659 -0.1582
vn 0.8649 -0.2588 -0.4300
vn 0.6332 -0.7071 -0.3148
vn 0.2318 -0.9659 -0.1152
vn 0.9322 -0.2588 -0.2530
vn 0.6824 -0.7071 -0.1852
vn 0.2498 -0.9659 -0.0678
vn 0.9636 -0.2588 -0.0663
vn 0.7054 -0.7071 -0.0485
vn 0.2582 -0.9659 -0.0178
vn 0.9608 -0.2588 0.1000
vn 0.7034 -0.7070 0.0732
vn 0.2575 -0.9659 0.0268
vn 0.9157 -0.2588 0.3075
vn 0.6703 -0.7071 0.2251
vn 0.2454 -0.9659 0.0824
vn 0.8381 -0.2588 0.4802
vn 0.6135 -0.7071 0.3516
vn 0.2246 -0.9659 0.1287
vn 0.7283 -0.2588 0.6345
vn 0.5332 -0.7071 0.4645
vn 0.1951 -0.9659 0.1700
vn 0.5905 -0.2588 0.7644
vn 0.4323 -0.7071 0.5596
vn 0.1582 -0.9659 0.2048
vn 0.4300 -0.2588 0.8649
vn 0.3148 -0.7071 0.6332
vn 0.1152 -0.9659 0.2318
vn 0.2530 -0.2588 0.9322
vn 0.1852 -0.7071 0.6824
vn 0.0678 -0.9659 0.2498
vn 0.0663 -0.2588 0.9636
vn 0.0485 -0.7071 0.7054
vn 0.0178 -0.9659 0.2582
vn -0.1253 -0.2588 0.9578
vn -0.0917 -0.7071 0.7011
vn -0.0336 -0.9659 0.2566
vn -0.3075 -0.2588 0.9157
vn -0.2251 -0.7071 0.6703
vn -0.0824 -0.9659 0.2454
vn -0.4802 -0.2588 0.8381
vn -0.3516 -0.7071 0.6135
vn -0.1287 -0.9659 0.2246
vn -0.6345 -0.2588 0.7283
vn -0.4645 -0.7071 0.5331
vn -0.1700 -0.9659 0.1952
vn -0.7644 -0.2588 0.5905
vn -0.5596 -0.7071 0.4323
vn -0.2048 -0.9659 0.1582
vn -0.8649 -0.2588 0.4300
vn -0.6332 -0.7071 0.3148
vn -0.2318 -0.9659 0.1152
vn -0.9322 -0.2588 0.2530
vn -0.6824 -0.7071 0.1853
vn -0.2498 -0.9659 0.0678
vn -0.9636 -0.2588 0.0663
vn -0.7055 -0.7071 0.0485
vn -0.2582 -0.9659 0.0178
vn -0.9608 -0.2587 -0.1000
vn -0.7034 -0.7070 -0.0732
vn -0.2575 -0.9659 -0.0268
vn -0.9157 -0.2589 -0.3075
vn -0.6703 -0.7071 -0.2251
vn -0.2454 -0.9659 -0.0824
vn -0.8381 -0.2588 -0.4802
vn -0.6135 -0.7071 -0.3516
vn -0.2246 -0.9659 -0.1287
vn -0.7283 -0.2588 -0.6345
vn -0.5331 -0.7071 -0.4645
vn -0.1951 -0.9659 -0.1700
vn -0.5905 -0.2588 -0.7644
vn -0.4323 -0.7071 -0.5596
vn -0.1582 -0.9659 -0.2048
vn -0.4300 -0.2588 -0.8649
vn -0.3148 -0.7071 -0.6332
vn -0.1152 -0.9659 -0.2318
vn -0.2530 -0.2588 -0.9322
vn -0.1852 -0.7071 -0.6824
vn -0.0678 -0.9659 -0.2498
vn -0.0663 -0.2588 -0.9636
vn -0.0485 -0.7071 -0.7055
vn -0.0178 -0.9659 -0.2582
vn 0.0000 -1.0000 -0.0000
usemtl マテリアル.008
s off
f 1226/1482/763 1098/1483/763 1102/1484/763 1229/1485/763
f 1237/1486/764 1110/1487/764 1114/1488/764 1241/1489/764
f 1241/1490/765 1114/1491/765 1118/1492/765 1245/1493/765
f 1245/1493/766 1118/1492/766 1122/1494/766 1249/1495/766
f 1249/1495/767 1122/1494/767 1126/1496/767 1253/1497/767
f 1253/1497/768 1126/1496/768 1130/1498/768 1257/1499/768
f 1257/1499/769 1130/1498/769 1134/1500/769 1261/1501/769
f 1261/1501/770 1134/1500/770 1138/1502/770 1265/1503/770
f 1265/1503/771 1138/1502/771 1142/1504/771 1269/1505/771
f 1269/1505/772 1142/1504/772 1146/1506/772 1273/1507/772
f 1273/1508/773 1146/1509/773 1150/1510/773 1277/1511/773
f 1277/1511/774 1150/1510/774 1154/1512/774 1281/1513/774
f 1281/1513/775 1154/1512/775 1158/1514/775 1285/1515/775
f 1285/1515/776 1158/1514/776 1162/1516/776 1289/1517/776
f 1289/1517/777 1162/1516/777 1166/1518/777 1293/1519/777
f 1293/1519/778 1166/1518/778 1170/1520/778 1297/1521/778
f 1297/1521/779 1170/1520/779 1174/1522/779 1301/1523/779
f 1301/1523/780 1174/1522/780 1178/1524/780 1305/1525/780
f 1305/1526/781 1178/1527/781 1182/1528/781 1309/1529/781
f 1309/1529/782 1182/1528/782 1186/1530/782 1313/1531/782
f 1313/1531/783 1186/1530/783 1190/1532/783 1317/1533/783
f 1317/1533/784 1190/1532/784 1194/1534/784 1321/1535/784
f 1321/1535/785 1194/1534/785 1198/1536/785 1325/1537/785
f 1325/1537/786 1198/1536/786 1202/1538/786 1329/1539/786
f 1329/1539/787 1202/1538/787 1206/1540/787 1333/1541/787
f 1333/1541/788 1206/1540/788 1210/1542/788 1337/1543/788
f 1337/1544/789 1210/1545/789 1214/1546/789 1341/1547/789
f 1341/1547/790 1214/1546/790 1218/1548/790 1345/1549/790
f 1345/1549/791 1218/1548/791 1222/1550/791 1349/1551/791
f 1229/1485/792 1102/1484/792 1106/1552/792 1233/1553/792
f 1233/1553/793 1106/1552/793 1110/1487/793 1237/1486/793
f 1349/1551/794 1222/1550/794 1098/1483/794 1226/1482/794
f 1102/1484/795 1098/1483/795 1100/1554/795 1104/1555/795
f 1104/1555/796 1100/1554/796 1099/1556/796 1103/1557/796
f 1103/1558/797 1099/1559/797 1097/1560/797 1101/1561/797
f 1106/1552/798 1102/1484/798 1104/1555/798 1108/1562/798
f 1108/1563/799 1104/1564/799 1103/1558/799 1107/1565/799
f 1107/1565/800 1103/1558/800 1101/1561/800 1105/1566/800
f 1110/1487/801 1106/1552/801 1108/1562/801 1112/1567/801
f 1112/1568/802 1108/1563/802 1107/1565/802 1111/1569/802
f 1111/1569/803 1107/1565/803 1105/1566/803 1109/1570/803
f 1114/1488/804 1110/1487/804 1112/1567/804 1116/1571/804
f 1116/1572/805 1112/1568/805 1111/1569/805 1115/1573/805
f 1115/1573/806 1111/1569/806 1109/1570/806 1113/1574/806
f 1118/1492/807 1114/1491/807 1116/1575/807 1120/1576/807
f 1120/1577/808 1116/1572/808 1115/1573/808 1119/1578/808
f 1119/1578/809 1115/1573/809 1113/1574/809 1117/1579/809
f 1122/1494/810 1118/1492/810 1120/1576/810 1124/1580/810
f 1124/1581/811 1120/1577/811 1119/1578/811 1123/1582/811
f 1123/1582/812 1119/1578/812 1117/1579/812 1121/1583/812
f 1126/1496/813 1122/1494/813 1124/1580/813 1128/1584/813
f 1128/1585/814 1124/1581/814 1123/1582/814 1127/1586/814
f 1127/1586/815 1123/1582/815 1121/1583/815 1125/1587/815
f 1130/1498/816 1126/1496/816 1128/1584/816 1132/1588/816
f 1132/1589/817 1128/1585/817 1127/1586/817 1131/1590/817
f 1131/1590/818 1127/1586/818 1125/1587/818 1129/1591/818
f 1134/1500/819 1130/1498/819 1132/1588/819 1136/1592/819
f 1136/1592/820 1132/1588/820 1131/1593/820 1135/1594/820
f 1135/1595/821 1131/1590/821 1129/1591/821 1133/1596/821
f 1138/1502/822 1134/1500/822 1136/1592/822 1140/1597/822
f 1140/1598/823 1136/1599/823 1135/1595/823 1139/1600/823
f 1139/1600/824 1135/1595/824 1133/1596/824 1137/1601/824
f 1142/1504/825 1138/1502/825 1140/1597/825 1144/1602/825
f 1144/1603/826 1140/1598/826 1139/1600/826 1143/1604/826
f 1143/1604/827 1139/1600/827 1137/1601/827 1141/1605/827
f 1146/1506/828 1142/1504/828 1144/1602/828 1148/1606/828
f 1148/1607/829 1144/1603/829 1143/1604/829 1147/1608/829
f 1147/1608/830 1143/1604/830 1141/1605/830 1145/1609/830
f 1150/1510/831 1146/1509/831 1148/1610/831 1152/1611/831
f 1152/1612/832 1148/1607/832 1147/1608/832 1151/1613/832
f 1151/1613/833 1147/1608/833 1145/1609/833 1149/1614/833
f 1154/1512/834 1150/1510/834 1152/1611/834 1156/1615/834
f 1156/1616/835 1152/1612/835 1151/1613/835 1155/1617/835
f 1155/1617/836 1151/1613/836 1149/1614/836 1153/1618/836
f 1158/1514/837 1154/1512/837 1156/1615/837 1160/1619/837
f 1160/1620/838 1156/1616/838 1155/1617/838 1159/1621/838
f 1159/1621/839 1155/1617/839 1153/1618/839 1157/1622/839
f 1162/1516/840 1158/1514/840 1160/1619/840 1164/1623/840
f 1164/1624/841 1160/1620/841 1159/1621/841 1163/1625/841
f 1163/1625/842 1159/1621/842 1157/1622/842 1161/1626/842
f 1166/1518/843 1162/1516/843 1164/1623/843 1168/1627/843
f 1168/1628/844 1164/1624/844 1163/1625/844 1167/1629/844
f 1167/1629/845 1163/1625/845 1161/1626/845 1165/1630/845
f 1170/1520/846 1166/1518/846 1168/1627/846 1172/1631/846
f 1172/1632/847 1168/1628/847 1167/1629/847 1171/1633/847
f 1171/1633/848 1167/1629/848 1165/1630/848 1169/1634/848
f 1174/1522/849 1170/1520/849 1172/1631/849 1176/1635/849
f 1176/1636/850 1172/1632/850 1171/1633/850 1175/1637/850
f 1175/1637/851 1171/1633/851 1169/1634/851 1173/1638/851
f 1178/1524/852 1174/1522/852 1176/1635/852 1180/1639/852
f 1180/1640/853 1176/1636/853 1175/1637/853 1179/1641/853
f 1179/1641/854 1175/1637/854 1173/1638/854 1177/1642/854
f 1182/1528/855 1178/1527/855 1180/1643/855 1184/1644/855
f 1184/1645/856 1180/1640/856 1179/1641/856 1183/1646/856
f 1183/1646/857 1179/1641/857 1177/1642/857 1181/1647/857
f 1186/1530/858 1182/1528/858 1184/1644/858 1188/1648/858
f 1188/1649/859 1184/1645/859 1183/1646/859 1187/1650/859
f 1187/1650/860 1183/1646/860 1181/1647/860 1185/1651/860
f 1190/1532/861 1186/1530/861 1188/1648/861 1192/1652/861
f 1192/1653/862 1188/1649/862 1187/1650/862 1191/1654/862
f 1191/1654/863 1187/1650/863 1185/1651/863 1189/1655/863
f 1194/1534/864 1190/1532/864 1192/1652/864 1196/1656/864
f 1196/1657/865 1192/1653/865 1191/1654/865 1195/1658/865
f 1195/1658/866 1191/1654/866 1189/1655/866 1193/1659/866
f 1198/1536/867 1194/1534/867 1196/1656/867 1200/1660/867
f 1200/1660/868 1196/1656/868 1195/1661/868 1199/1662/868
f 1199/1663/869 1195/1658/869 1193/1659/869 1197/1664/869
f 1202/1538/870 1198/1536/870 1200/1660/870 1204/1665/870
f 1204/1666/871 1200/1667/871 1199/1663/871 1203/1668/871
f 1203/1668/872 1199/1663/872 1197/1664/872 1201/1669/872
f 1206/1540/873 1202/1538/873 1204/1665/873 1208/1670/873
f 1208/1671/874 1204/1666/874 1203/1668/874 1207/1672/874
f 1207/1672/875 1203/1668/875 1201/1669/875 1205/1673/875
f 1210/1542/876 1206/1540/876 1208/1670/876 1212/1674/876
f 1212/1675/877 1208/1671/877 1207/1672/877 1211/1676/877
f 1211/1676/878 1207/1672/878 1205/1673/878 1209/1677/878
f 1214/1546/879 1210/1545/879 1212/1678/879 1216/1679/879
f 1216/1680/880 1212/1675/880 1211/1676/880 1215/1681/880
f 1215/1681/881 1211/1676/881 1209/1677/881 1213/1682/881
f 1218/1548/882 1214/1546/882 1216/1679/882 1220/1683/882
f 1220/1684/883 1216/1680/883 1215/1681/883 1219/1685/883
f 1219/1685/884 1215/1681/884 1213/1682/884 1217/1686/884
f 1222/1550/885 1218/1548/885 1220/1683/885 1224/1687/885
f 1224/1688/886 1220/1684/886 1219/1685/886 1223/1689/886
f 1223/1689/887 1219/1685/887 1217/1686/887 1221/1690/887
f 1098/1483/888 1222/1550/888 1224/1687/888 1100/1554/888
f 1100/1691/889 1224/1688/889 1223/1689/889 1099/1559/889
f 1099/1559/890 1223/1689/890 1221/1690/890 1097/1560/890
f 1101/1561/891 1097/1560/891 1221/1690/891 1217/1686/891 1213/1682/891 1209/1677/891 1205/1673/891 1201/1669/891 1197/1664/891 1193/1659/891 1189/1655/891 1185/1651/891 1181/1647/891 1177/1642/891 1173/1638/891 1169/1634/891 1165/1630/891 1161/1626/891 1157/1622/891 1153/1618/891 1149/1614/891 1145/1609/891 1141/1605/891 1137/1601/891 1133/1596/891 1129/1591/891 1125/1587/891 1121/1583/891 1117/1579/891 1113/1574/891 1109/1570/891 1105/1566/891
f 1226/1482/892 1229/1485/892 1231/1692/892 1228/1693/892
f 1228/1694/893 1231/1695/893 1232/1696/893 1227/1697/893
f 1227/1697/894 1232/1696/894 1230/1698/894 1225/1699/894
f 1229/1485/895 1233/1553/895 1235/1700/895 1231/1692/895
f 1231/1695/896 1235/1701/896 1236/1702/896 1232/1696/896
f 1232/1696/897 1236/1702/897 1234/1703/897 1230/1698/897
f 1233/1553/898 1237/1486/898 1239/1704/898 1235/1700/898
f 1235/1701/899 1239/1705/899 1240/1706/899 1236/1702/899
f 1236/1702/900 1240/1706/900 1238/1707/900 1234/1703/900
f 1237/1486/901 1241/1489/901 1243/1708/901 1239/1704/901
f 1239/1705/902 1243/1709/902 1244/1710/902 1240/1706/902
f 1240/1706/903 1244/1710/903 1242/1711/903 1238/1707/903
f 1241/1490/904 1245/1493/904 1247/1712/904 1243/1713/904
f 1243/1709/905 1247/1714/905 1248/1715/905 1244/1710/905
f 1244/1710/906 1248/1715/906 1246/1716/906 1242/1711/906
f 1245/1493/907 1249/1495/907 1251/1717/907 1247/1712/907
f 1247/1714/908 1251/1718/908 1252/1719/908 1248/1715/908
f 1248/1715/909 1252/1719/909 1250/1720/909 1246/1716/909
f 1249/1495/910 1253/1497/910 1255/1721/910 1251/1717/910
f 1251/1718/911 1255/1722/911 1256/1723/911 1252/1719/911
f 1252/1719/912 1256/1723/912 1254/1724/912 1250/1720/912
f 1253/1497/913 1257/1499/913 1259/1725/913 1255/1721/913
f 1255/1722/914 1259/1726/914 1260/1727/914 1256/1723/914
f 1256/1723/915 1260/1727/915 1258/1728/915 1254/1724/915
f 1257/1499/916 1261/1501/916 1263/1729/916 1259/1725/916
f 1259/1726/917 1263/1730/917 1264/1731/917 1260/1727/917
f 1260/1727/918 1264/1731/918 1262/1732/918 1258/1728/918
f 1261/1501/919 1265/1503/919 1267/1733/919 1263/1729/919
f 1263/1730/920 1267/1734/920 1268/1735/920 1264/1731/920
f 1264/1731/921 1268/1735/921 1266/1736/921 1262/1732/921
f 1265/1503/922 1269/1505/922 1271/1737/922 1267/1733/922
f 1267/1734/923 1271/1738/923 1272/1739/923 1268/1735/923
f 1268/1735/924 1272/1739/924 1270/1740/924 1266/1736/924
f 1269/1505/925 1273/1507/925 1275/1741/925 1271/1737/925
f 1271/1738/926 1275/1742/926 1276/1743/926 1272/1739/926
f 1272/1739/927 1276/1743/927 1274/1744/927 1270/1740/927
f 1273/1508/928 1277/1511/928 1279/1745/928 1275/1746/928
f 1275/1742/929 1279/1747/929 1280/1748/929 1276/1743/929
f 1276/1743/930 1280/1748/930 1278/1749/930 1274/1744/930
f 1277/1511/931 1281/1513/931 1283/1750/931 1279/1745/931
f 1279/1747/932 1283/1751/932 1284/1752/932 1280/1748/932
f 1280/1748/933 1284/1752/933 1282/1753/933 1278/1749/933
f 1281/1513/934 1285/1515/934 1287/1754/934 1283/1750/934
f 1283/1751/935 1287/1755/935 1288/1756/935 1284/1752/935
f 1284/1752/936 1288/1756/936 1286/1757/936 1282/1753/936
f 1285/1515/937 1289/1517/937 1291/1758/937 1287/1754/937
f 1287/1755/938 1291/1759/938 1292/1760/938 1288/1756/938
f 1288/1756/939 1292/1760/939 1290/1761/939 1286/1757/939
f 1289/1517/940 1293/1519/940 1295/1762/940 1291/1758/940
f 1291/1758/941 1295/1762/941 1296/1763/941 1292/1764/941
f 1292/1760/942 1296/1765/942 1294/1766/942 1290/1761/942
f 1293/1519/943 1297/1521/943 1299/1767/943 1295/1762/943
f 1295/1768/944 1299/1769/944 1300/1770/944 1296/1765/944
f 1296/1765/945 1300/1770/945 1298/1771/945 1294/1766/945
f 1297/1521/946 1301/1523/946 1303/1772/946 1299/1767/946
f 1299/1769/947 1303/1773/947 1304/1774/947 1300/1770/947
f 1300/1770/948 1304/1774/948 1302/1775/948 1298/1771/948
f 1301/1523/949 1305/1525/949 1307/1776/949 1303/1772/949
f 1303/1773/950 1307/1777/950 1308/1778/950 1304/1774/950
f 1304/1774/951 1308/1778/951 1306/1779/951 1302/1775/951
f 1305/1526/952 1309/1529/952 1311/1780/952 1307/1781/952
f 1307/1777/953 1311/1782/953 1312/1783/953 1308/1778/953
f 1308/1778/954 1312/1783/954 1310/1784/954 1306/1779/954
f 1309/1529/955 1313/1531/955 1315/1785/955 1311/1780/955
f 1311/1782/956 1315/1786/956 1316/1787/956 1312/1783/956
f 1312/1783/957 1316/1787/957 1314/1788/957 1310/1784/957
f 1313/1531/958 1317/1533/958 1319/1789/958 1315/1785/958
f 1315/1786/959 1319/1790/959 1320/1791/959 1316/1787/959
f 1316/1787/960 1320/1791/960 1318/1792/960 1314/1788/960
f 1317/1533/961 1321/1535/961 1323/1793/961 1319/1789/961
f 1319/1790/962 1323/1794/962 1324/1795/962 1320/1791/962
f 1320/1791/963 1324/1795/963 1322/1796/963 1318/1792/963
f 1321/1535/964 1325/1537/964 1327/1797/964 1323/1793/964
f 1323/1794/965 1327/1798/965 1328/1799/965 1324/1795/965
f 1324/1795/966 1328/1799/966 1326/1800/966 1322/1796/966
f 1325/1537/967 1329/1539/967 1331/1801/967 1327/1797/967
f 1327/1798/968 1331/1802/968 1332/1803/968 1328/1799/968
f 1328/1799/969 1332/1803/969 1330/1804/969 1326/1800/969
f 1329/1539/970 1333/1541/970 1335/1805/970 1331/1801/970
f 1331/1802/971 1335/1806/971 1336/1807/971 1332/1803/971
f 1332/1803/972 1336/1807/972 1334/1808/972 1330/1804/972
f 1333/1541/973 1337/1543/973 1339/1809/973 1335/1805/973
f 1335/1806/974 1339/1810/974 1340/1811/974 1336/1807/974
f 1336/1807/975 1340/1811/975 1338/1812/975 1334/1808/975
f 1337/1544/976 1341/1547/976 1343/1813/976 1339/1814/976
f 1339/1810/977 1343/1815/977 1344/1816/977 1340/1811/977
f 1340/1811/978 1344/1816/978 1342/1817/978 1338/1812/978
f 1341/1547/979 1345/1549/979 1347/1818/979 1343/1813/979
f 1343/1815/980 1347/1819/980 1348/1820/980 1344/1816/980
f 1344/1816/981 1348/1820/981 1346/1821/981 1342/1817/981
f 1345/1549/982 1349/1551/982 1351/1822/982 1347/1818/982
f 1347/1819/983 1351/1823/983 1352/1824/983 1348/1820/983
f 1348/1820/984 1352/1824/984 1350/1825/984 1346/1821/984
f 1349/1551/985 1226/1482/985 1228/1693/985 1351/1822/985
f 1351/1823/986 1228/1694/986 1227/1697/986 1352/1824/986
f 1352/1824/987 1227/1697/987 1225/1699/987 1350/1825/987
f 1225/1699/988 1230/1698/988 1234/1703/988 1238/1707/988 1242/1711/988 1246/1716/988 1250/1720/988 1254/1724/988 1258/1728/988 1262/1732/988 1266/1736/988 1270/1740/988 1274/1744/988 1278/1749/988 1282/1753/988 1286/1757/988 1290/1761/988 1294/1766/988 1298/1771/988 1302/1775/988 1306/1779/988 1310/1784/988 1314/1788/988 1318/1792/988 1322/1796/988 1326/1800/988 1330/1804/988 1334/1808/988 1338/1812/988 1342/1817/988 1346/1821/988 1350/1825/988
o 王冠_平面
v 0.218931 6.042063 -3.197695
v 0.192546 5.974299 -3.270524
v 0.282977 5.974299 -3.452495
v 0.417763 5.974299 -3.432718
v 0.420365 5.974299 -3.234182
v 0.352766 6.042063 -3.176345
v -1.278176 6.042063 -6.706885
v -1.264879 5.974299 -6.562099
v -1.321068 6.042063 -6.696198
v 3.550548 6.042063 -5.754117
v 3.427263 5.974299 -5.653648
v 3.520501 6.042063 -5.782489
v -1.537322 6.042063 -3.477856
v -1.598280 6.042063 -3.556032
v -1.517665 5.974299 -3.698630
v -1.476052 5.974299 -3.536702
v 2.205220 6.042063 -2.946619
v 2.109019 6.042063 -2.896184
v 2.089176 5.974299 -2.967970
v 2.200899 5.974299 -3.094412
v 1.142701 6.042063 -6.420874
v 1.131893 5.974299 -6.261586
v 0.992387 5.974299 -6.262667
v 1.070211 6.042063 -6.436153
v -0.283978 6.042063 -5.177498
v -0.199097 6.042063 -5.168567
v -0.171229 5.974299 -5.100630
v -0.277901 5.974299 -4.977592
v -0.331075 5.974299 -5.125616
v 1.742188 6.042063 -4.877966
v 1.826061 6.042063 -4.847540
v 1.843439 5.974299 -4.779735
v 1.727876 5.974299 -4.671397
v 1.688371 5.974299 -4.829369
v 0.218931 6.472850 -3.197695
v 0.352766 6.472850 -3.176345
v 0.420244 6.532907 -3.234062
v 0.415708 6.532597 -3.429164
v 0.283179 6.532029 -3.448270
v 0.192625 6.533256 -3.270310
v -1.278177 6.285710 -6.706885
v -1.321068 6.288327 -6.696198
v -1.264981 6.351933 -6.562400
v 3.550548 6.288327 -5.754117
v 3.520501 6.285852 -5.782489
v 3.427520 6.351914 -5.653888
v -1.537322 6.292341 -3.477856
v -1.476526 6.358136 -3.536577
v -1.517821 6.351933 -3.698307
v -1.598280 6.288327 -3.556032
v 2.205220 6.288327 -2.946619
v 2.200886 6.351914 -3.094086
v 2.089434 6.357784 -2.967790
v 2.109019 6.292341 -2.896184
v 1.142701 6.469496 -6.420874
v 1.070211 6.470069 -6.436153
v 1.060676 6.532029 -6.347751
v 1.116802 6.532598 -6.338151
v -0.283978 6.169957 -5.177498
v -0.330972 6.240366 -5.125604
v -0.277978 6.245928 -4.977942
v -0.172260 6.250143 -5.100878
v -0.199097 6.173821 -5.168567
v 1.742188 6.174288 -4.877966
v 1.689283 6.249685 -4.829076
v 1.728052 6.245574 -4.671603
v 1.843347 6.240401 -4.779781
v 1.826061 6.169824 -4.847540
vt 0.991819 1.000000
vt 0.758181 1.000000
vt 0.758181 1.000000
vt 0.991819 1.000000
vt 0.517702 0.500000
vt 0.982298 0.500000
vt 0.982298 0.500000
vt 0.517702 0.500000
vt 0.241355 1.000000
vt 0.008645 1.000000
vt 0.008645 1.000000
vt 0.241355 1.000000
vt 0.530366 0.518407
vt 0.751098 0.959870
vt 0.971830 0.518407
vt 0.000000 0.989695
vt 0.000000 0.510305
vt 0.000000 0.510305
vt 0.000000 0.989695
vt 0.516330 0.553796
vt 0.516330 0.982800
vt 0.730832 0.982800
vt 0.516059 0.552983
vt 0.731062 0.982989
vt 0.516059 0.982989
vt 0.269535 0.980840
vt 0.483198 0.553515
vt 0.483198 0.980840
vt 0.530345 0.518369
vt 0.971909 0.518369
vt 0.751127 0.959933
vt 0.985942 0.545198
vt 0.985942 0.982066
vt 0.767507 0.982066
vt 0.013993 0.983308
vt 0.013993 0.546064
vt 0.232615 0.983308
vt 1.000000 0.510429
vt 1.000000 0.989571
vt 1.000000 0.989571
vt 1.000000 0.510429
vt 0.985915 0.545272
vt 0.767529 0.982044
vt 0.985915 0.982044
vt 0.029750 0.518505
vt 0.471304 0.518505
vt 0.250527 0.960059
vt 0.269803 0.980581
vt 0.482888 0.980581
vt 0.482888 0.554412
vt 0.014019 0.983289
vt 0.232593 0.983289
vt 0.014019 0.546140
vt 0.029863 0.518560
vt 0.250567 0.959967
vt 0.471271 0.518560
vt 0.740540 1.000000
vt 0.509460 1.000000
vt 0.509460 1.000000
vt 0.740540 1.000000
vt 0.491220 1.000000
vt 0.258781 1.000000
vt 0.258780 1.000000
vt 0.491220 1.000000
vt 0.017702 0.500000
vt 0.017702 0.500000
vt 0.482298 0.500000
vt 0.482298 0.500000
vn -0.4831 0.0000 -0.8756
vn -0.1575 0.0000 0.9875
vn 0.8384 0.0000 -0.5450
vn 0.0000 -1.0000 0.0000
vn -0.9961 0.0000 -0.0879
vn 0.2886 0.9549 0.0695
vn -0.2984 0.9511 -0.0800
vn 0.1181 0.9889 -0.0902
vn -0.0952 0.9944 -0.0456
vn 0.1046 0.9945 0.0092
vn 0.9018 0.0000 0.4321
vn -0.0805 0.9863 -0.1438
vn 0.9321 0.0000 -0.3622
vn -0.7066 0.0000 -0.7076
vn -0.1031 -0.9045 -0.4138
vn 0.2711 -0.9188 -0.2870
vn -0.4993 -0.8398 0.2133
vn 0.3858 -0.8035 0.4535
vn 0.0286 -0.9284 -0.3705
vn 0.0562 -0.9124 -0.4054
vn 0.1305 -0.9117 -0.3895
vn 0.0000 1.0000 -0.0041
vn -0.0473 0.9097 -0.4126
vn 0.2209 0.9232 -0.3145
vn -0.5108 0.8402 0.1819
vn 0.4050 0.8065 0.4308
vn 0.1106 0.8132 -0.5714
vn 0.0563 0.9983 0.0122
vn -0.1114 -0.7071 0.6983
vn 0.6377 -0.7071 0.3056
vn 0.5929 -0.7071 -0.3854
vn -0.7044 -0.7071 -0.0622
vn 0.6591 -0.7071 -0.2561
vn -0.4997 -0.7071 -0.5003
vn -0.3416 -0.7071 -0.6191
vn -0.1808 0.7325 0.6564
vn 0.6177 0.7286 0.2960
vn 0.6381 0.6792 -0.3627
vn -0.6824 0.7285 -0.0602
vn -0.0348 0.7236 0.6893
vn 0.7713 0.6104 -0.1805
vn -0.6236 0.6182 -0.4785
vn -0.3905 0.6782 -0.6225
vn -0.1885 0.9755 -0.1133
vn 0.2009 0.9795 -0.0141
vn -0.0058 1.0000 -0.0015
vn 0.0351 0.9982 -0.0487
vn -0.0160 0.9979 -0.0625
vn -0.7886 0.0000 0.6149
vn -0.2418 -0.0000 -0.9703
vn 0.6865 0.0000 -0.7271
vn 0.4643 0.0000 0.8857
vn 0.1046 0.0000 -0.9945
vn 0.2062 0.0000 -0.9785
vn 0.3410 0.0000 -0.9401
vn -0.1040 0.7465 0.6572
vn -0.0589 0.9981 -0.0165
vn 0.0706 0.6360 -0.7685
vn 0.2771 0.6402 -0.7165
usemtl マテリアル.005
s off
f 1364/1826/989 1383/1827/989 1420/1828/989 1397/1829/989
f 1358/1830/990 1370/1831/990 1406/1832/990 1388/1833/990
f 1377/1834/991 1359/1835/991 1393/1836/991 1411/1837/991
f 1357/1838/992 1385/1839/992 1371/1840/992
f 1361/1841/993 1366/1842/993 1402/1843/993 1394/1844/993
f 1356/1845/992 1374/1846/992 1386/1847/992
f 1390/1848/994 1417/1849/994 1410/1850/994
f 1414/1851/995 1391/1852/995 1409/1853/995
f 1389/1854/996 1405/1855/996 1418/1856/996
f 1404/1857/997 1398/1858/997 1419/1859/997
f 1395/1860/998 1401/1861/998 1412/1862/998
f 1369/1863/999 1362/1864/999 1396/1865/999 1403/1866/999
f 1372/1867/992 1384/1868/992 1363/1869/992
f 1400/1870/1000 1392/1871/1000 1413/1872/1000
f 1379/1873/992 1375/1874/992 1355/1875/992
f 1360/1876/992 1381/1877/992 1367/1878/992
f 1368/1879/992 1380/1880/992 1354/1881/992
f 1382/1882/1001 1373/1883/1001 1407/1884/1001 1416/1885/1001
f 1376/1886/1002 1378/1887/1002 1415/1888/1002 1408/1889/1002
f 1359/1835/1003 1360/1876/1003 1361/1841/1003
f 1362/1864/1004 1363/1869/1004 1364/1826/1004
f 1365/1890/1005 1366/1842/1005 1367/1878/1005 1368/1879/1005
f 1369/1863/1006 1370/1831/1006 1371/1840/1006 1372/1867/1006
f 1373/1883/1007 1374/1846/1007 1375/1874/1007 1376/1886/1007
f 1377/1834/1008 1378/1887/1008 1379/1873/1008 1380/1880/1008 1381/1877/1008
f 1382/1882/1009 1383/1827/1009 1384/1868/1009 1385/1839/1009 1386/1847/1009
f 1389/1854/1010 1390/1848/1010 1391/1852/1010 1392/1871/1010
f 1393/1836/1011 1394/1844/1011 1395/1860/1011
f 1396/1865/1012 1397/1829/1012 1398/1858/1012
f 1399/1891/1013 1400/1870/1013 1401/1861/1013 1402/1843/1013
f 1403/1866/1014 1404/1857/1014 1405/1855/1014 1406/1832/1014
f 1407/1884/1015 1408/1889/1015 1409/1853/1015 1410/1850/1015
f 1417/1849/1016 1418/1856/1016 1419/1859/1016
f 1368/1879/1017 1354/1881/1017 1353/1892/1017 1365/1890/1017
f 1372/1867/1018 1363/1869/1018 1362/1864/1018 1369/1863/1018
f 1381/1877/1019 1360/1876/1019 1359/1835/1019 1377/1834/1019
f 1360/1876/1020 1367/1878/1020 1366/1842/1020 1361/1841/1020
f 1357/1838/1017 1371/1840/1017 1370/1831/1017 1358/1830/1017
f 1386/1847/1021 1374/1846/1021 1373/1883/1021 1382/1882/1021
f 1375/1874/1022 1379/1873/1022 1378/1887/1022 1376/1886/1022
f 1363/1869/1023 1384/1868/1023 1383/1827/1023 1364/1826/1023
f 1354/1881/992 1380/1880/992 1379/1873/992 1355/1875/992
f 1356/1845/992 1386/1847/992 1385/1839/992 1357/1838/992
f 1355/1875/992 1375/1874/992 1374/1846/992 1356/1845/992
f 1367/1878/992 1381/1877/992 1380/1880/992 1368/1879/992
f 1371/1840/992 1385/1839/992 1384/1868/992 1372/1867/992
f 1399/1891/1024 1387/1893/1024 1392/1871/1024 1400/1870/1024
f 1403/1866/1025 1396/1865/1025 1398/1858/1025 1404/1857/1025
f 1411/1837/1026 1393/1836/1026 1395/1860/1026 1412/1862/1026
f 1394/1844/1027 1402/1843/1027 1401/1861/1027 1395/1860/1027
f 1388/1833/1028 1406/1832/1028 1405/1855/1028 1389/1854/1028
f 1416/1885/1029 1407/1884/1029 1410/1850/1029 1417/1849/1029
f 1408/1889/1030 1415/1888/1030 1414/1851/1030 1409/1853/1030
f 1397/1829/1031 1420/1828/1031 1419/1859/1031 1398/1858/1031
f 1391/1852/1032 1414/1851/1032 1413/1872/1032 1392/1871/1032
f 1389/1854/1033 1418/1856/1033 1417/1849/1033 1390/1848/1033
f 1390/1848/1034 1410/1850/1034 1409/1853/1034 1391/1852/1034
f 1400/1870/1035 1413/1872/1035 1412/1862/1035 1401/1861/1035
f 1404/1857/1036 1419/1859/1036 1418/1856/1036 1405/1855/1036
f 1365/1890/1037 1399/1891/1037 1402/1843/1037 1366/1842/1037
f 1393/1836/1038 1359/1835/1038 1361/1841/1038 1394/1844/1038
f 1364/1826/1039 1397/1829/1039 1396/1865/1039 1362/1864/1039
f 1406/1832/1040 1370/1831/1040 1369/1863/1040 1403/1866/1040
f 1377/1834/1041 1411/1837/1041 1415/1888/1041 1378/1887/1041
f 1407/1884/1042 1373/1883/1042 1376/1886/1042 1408/1889/1042
f 1387/1893/990 1353/1892/990 1358/1830/990 1388/1833/990
f 1382/1882/1043 1416/1885/1043 1420/1828/1043 1383/1827/1043
f 1365/1890/990 1353/1892/990 1387/1893/990 1399/1891/990
f 1358/1830/1017 1353/1892/1017 1354/1881/1017 1357/1838/1017
f 1354/1881/992 1355/1875/992 1356/1845/992 1357/1838/992
f 1392/1871/1044 1387/1893/1044 1388/1833/1044 1389/1854/1044
f 1412/1862/1045 1413/1872/1045 1414/1851/1045
f 1412/1862/1046 1414/1851/1046 1415/1888/1046 1411/1837/1046
f 1416/1885/1047 1417/1849/1047 1419/1859/1047 1420/1828/1047
